UniProt ID,Gene,Species,Uniprot Domains,Ref Sequence,PDB IDs,Uniprot Domain Architecture,Interpro Domains,Interpro Domain Architecture
A7RWY4,NEMVEDRAFT_v1g96187,Nematostella vectensis,Protein kinase:1:137,IHRDLAARNILVVKENLVKISDFGLSRLSQYYKTDKGKFPTRWYAPECLEFLKFTAKSDVWSFGVTMWEMFEYGGARPYQEIEDAQQVLPHLRRGNRLARPSTCPEDMYELLKKCWYNDPNLRPSSFMLTKEIKRLIDNLPS,,Protein kinase,Prot_kinase_dom:IPR000719:1:137,Prot_kinase_dom
A7SRD7,NEMVEDRAFT_v1g173481,Nematostella vectensis,Protein kinase:27:291;SAM:317:381,MYIDPSNYGDPMEALMSVAKEINKDDLKLEIIIGGGEFADVYRGVLTNEDKTQEKVAVKILKPGSSHKNREDFCVEASIMGQFDHPNVIALKGVITRTRPMMIITEFLENGSLDNFLKSNDGRLTTLQLVGIGRGVAAGMAYLSEMNFIHRDLAARNILVSDNLAAKVSDFGLSRELDDSPENEQSEYQTQGGKIPVRWTAPEAIRYRKFSSASDVWSYGILLWEIMSFGERPYWTWDNFQVMDRVEGGYRLPAPMKCPKVIHNLMLDCWDKEKTSRPKFADIVRRFDEVIRSPDKMNDEFTGSRIRYVEFSATNMSMVKSVEEWLENINMGRYADAFVSSGYVDIDRIRHLEDDDLLKMGINLIGHRNKIRKSIKHINQKLETGELAILNSKV,,Protein kinase|SAM,Prot_kinase_dom:IPR000719:27:291;SAM:IPR001660:314:381,Prot_kinase_dom|SAM
A7SX34,NEMVEDRAFT_v1g136220,Nematostella vectensis,Tyrosine-protein phosphatase:1:234;Tyrosine specific protein phosphatases:154:225;Tyrosine-protein phosphatase:266:476,KNKNKNRYANIVAYDHSRVVLERVNGDEDLDYINASFIHGYDGTPRSFIASQGPLPPAFEGFWRMVWEQNSQSIVMLTNLVGLNKTKCHKYWPDKTETYGGVTVTLHQSEVFAGYENCTFILSKEKRSGSRIVRQFHFTVWPDKGVPQYATAVLAFRRKVRALNPRDAGPVIVHCSVGVERTGAYIVIDAMLEQAKKSRTVDIRNYLIAIRKHRPHMVQTKEQYSFIHSAVLEALTCGNTEIQSEKYNQAMQKLASVNGKFPMTGYALEFQRLNSVTSREIPVEEKSVGEKPQNLHKNRFSDIIALNSCRVMLHKEHADEESDYINAVFLHAHRGRNAFIATQHPLLETVEDFWRMVTDYDIGTIVMLNNLHDQVAPESSEYWPDHGATKYGHIGISVLSKQKKGDVICVKPKVTRKKKTHEVRHLHHVSWTDKCIPKVSRSVLDLLDEVQTSQQQCGNVPVLVQCRYNKQDSIRG,,Tyrosine-protein phosphatase|Tyrosine specific protein phosphatases|Tyrosine-protein phosphatase,PTP_cat:IPR000242:1:236;PTP_cat:IPR000242:265:476,PTP_cat|PTP_cat
A7RN88,NEMVEDRAFT_v1g87486,Nematostella vectensis,Protein kinase:16:304,HKLPYDPLWEYPRESNHIKYLLGSGAFGQVYLGETEGGIDYRRPSAISMRGNIKVAIKTLKGGATESEQKDLLSELKILIHVGSHKNIVNLLGACTKGPQRDLWIILEFCANGDLLSYLKKKRDIYDPAWCAPSEDHDVQFTQMELVSAAYQVARGMEFLASRRCIHRDLAARNVLIADDYVLKVADFGLARDVYKNEEYVKHTPGLVPIKWIAIESLTDKIYSQKSDVWSYGVLLWEIFTLGGNPYPDLHPSDVFEYLLDGKRMEKPVDCAQEIYNIMTDCWVLSPEDRPTFTELVKKLDKMI,,Protein kinase,Prot_kinase_dom:IPR000719:16:304,Prot_kinase_dom
A7S254,NEMVEDRAFT_v1g101727,Nematostella vectensis,SH2:46:100;Phorbol-ester/DAG-type:192:242;Rho-GAP:255:454,VYDTVEDDKEPVWKSYLYQLQQKAPQPICVVCNNEVVNRVIAGVTMFHGSISREEADELVSRQDGCYLVRESQRSPWAYTLTMRFDGTKNFRLYYDGMHYVGDKRFQTIHELVADGLITMYMDTYAKDYIDTMMIDAVRPDEGSKEAVQENGQVKAVETDGAKTQTGEVRVCDRRFSASKRPSVKPSAYTKAHNFKTNTFKGPHWCDHCRNFLWGLTMQGVKCQDCGFNAHKQCTKAIPNNCKPDKKYIKRAFGVDLTTLVKLHNTKRPFVVDICINEVEKRGLDSEGLYRVSGFADDIEALKNSFDKGNTHTTVNYSDGESVNLSTYDDINTITGVCKLYFRQLPLPLITFETYSKFIAAAKTQDKHLRIEELSKALGELPQAHYETMKFLMGHLHRVSQRRSKNMMTEENLSIVFGPTLMRAPEGDSLDSLVDMKFQRLAVELLISHQHVLFDTL,,SH2|Phorbol-ester/DAG-type|Rho-GAP,SH2:IPR000980:44:122;PKC_DAG/PE:IPR002219:192:244;RhoGAP_dom:IPR000198:255:454,SH2|PKC_DAG/PE|RhoGAP_dom
A7RK45,NEMVEDRAFT_v1g31844,Nematostella vectensis,Tyrosine-protein phosphatase:21:276;Tyrosine specific protein phosphatases:193:267;Tyrosine-protein phosphatase:308:569;Tyrosine specific protein phosphatases:485:560,ISIDDFEQHVARMRRSGDLFFTTEYERIPVPEHVTATHSLDPVNQHKNRYINIVAYDHSRVKLQDFEDEPGSDYINANFLPGYRRDNAYIAAQGPLAETCRDFWRMVWEQNSRTIIMLTNLKERCRDKCAQYWPSRGSLSYEDITVTLDSVTELTPYIVRTLSVQREGCDDVRQVKQFHFTSWPDHGVPTSVCNLLAFVRDSTRADPPGAGPMVVHCSAGVGRTGTFIVIDVMLQQIHEEKTVDILGFVSTLRRHRNLMVQTEQQYIFIHDALLDAIISGETETSASDLRSHIRRLQEQDPESGYTPMFTEFQKLSRCINSSLSLNAATHPVNKRKNRYANVLPYDVTRVRLSMQVGVEGSDYINANYIDGYMAKRTFIATQAPIPETIPDFWRMVWEQNCCTIVTLAQEVEQAKAKMHRYWPGKQPITFGSLVVEMQDKVKSGHLVVRIFKLTNTEVSASRDVRQFHYTSWTEENPLEDGLSRCQLIDLIGQVQYWQAESGRHPIIVHCSAGVGRTGVFCAVSILIERLKAEAMVDVFQTVKQLREQRPAMVQTKGQYDFCYQVVLEYLASFE,,Tyrosine-protein phosphatase|Tyrosine specific protein phosphatases|Tyrosine-protein phosphatase|Tyrosine specific protein phosphatases,PTP_cat:IPR000242:20:278;PTP_cat:IPR000242:307:571,PTP_cat|PTP_cat
A7T537,NEMVEDRAFT_v1g1840,Nematostella vectensis,Protein kinase:1:137,VHRDLAARNILLNVDNVAMVSDFGLSRDVYESGAYDNTTGGVLPVRWMAIESLEDYTYTTKSDVWSYGVLLWEMESGGLMPYAGMSGVEILERLKQGYRLEKPSCCSQELYALMYECWNPEPKNRPAFSIIVSRLEE,,Protein kinase,Prot_kinase_dom:IPR000719:1:137,Prot_kinase_dom
A7RUW8,NEMVEDRAFT_v1g182236,Nematostella vectensis,FERM:35:324;PDZ:458:532;Tyrosine-protein phosphatase:614:871;Tyrosine specific protein phosphatases:788:862,MFEFKRKFRSASHSGMYSVRGSELARTGNTNPQKIRCVVELLDDSEFIIDVDKNAKGTVLLNEVFRHLDIQEKHYFGLQYVSDSPDNMVGGAKEQWLQDDKIIRKQKKGTPPYIFYFCVRFFVSDPSKLVEDLTRYYFYLQIKRDILTGRLPCLYDTAAELSSYILQAELGDYDPKLHLDGYVSEFRFIPDQTDDFEERAAEFHKHHIGQTPADAEFNFLEVAKTLDLYGVDLHCAKDHDGTDLFLGVSALGLTVYHNKCKINFFPWSKIVKVCFKRKRFFIQIRPDWNEWTDNIIGFQMLTYRSCKNLWKVCVEYHSFYRTHYPKATEKRVLRMGSKYRYKGKTEYQAIEESRTHARPEPKIVRTLSRRYSKRSDSGTWSRSLRRLDLDREFEKDSMYGEKHAPPFHYASAPNSTEKLDRTNFKRSLSTSANVGATKSGLTPELQANGSTPQEGLITVRMEPDKEGRFGFNVQGGADINLPVIVSKIARGTPADLCMPQLQEGDEIIFINGQAMKGLIHQEIVDLIRSVSQSRSNTLILTIRPNVFAPNGSRSLDDSPVHTVSVEQYNAQELKHEKEVEAALVSKREKQQQRDCEGLKVSIEQLRENLESGDLLVYFQELYRKKPGMAMDDARKPENLPKNRYRDILPYDETRVKLFKGSDYINANFVNMEVPSHGIVLRYIAAQGPLEKTCGDFWQMIWEQESTLVIMLTTTMERGRVKCHQYWPEGEDTWTFGNLEVVCNKIRDFSPSYVYREMYVTDTTTLRSRVIIQLQYLAWPDHDVPDDATDFLEFVHSVRHYREGTSTPAVVHCSAGVGRSGVLMFIETAFGMIEGAEPVYPLELVRRMRDQRGSLIQTPGQFLFVCEATLKAYDDEVVRPLPIS,,FERM|PDZ|Tyrosine-protein phosphatase|Tyrosine specific protein phosphatases,FERM_domain:IPR000299:35:324;FA:IPR014847:330:376;PDZ:IPR001478:458:546;PTP_cat:IPR000242:613:873,FERM_domain|FA|PDZ|PTP_cat
A7SX38,NEMVEDRAFT_v1g136247,Nematostella vectensis,Tyrosine-protein phosphatase:1:243;Tyrosine specific protein phosphatases:163:234;Tyrosine-protein phosphatase:275:536;Tyrosine specific protein phosphatases:455:527,QFSWDAARKAANKKKNRYGNIVTYDHSRVVLERVNGDEDSDYINASFIHAIVGDTCAGIFLGPPPPTFEGFWRMVWEQNSQSIVMLTNLVELGKTKCHKYWPEKTETYGGVTVTLHQTEVFADYVIRTFILFRVSEAVRRMVRQFNFTVWPDKGVPQYATAVLAFRRKVRALNPRDAGPVIVHCSAGVGRTGAYIVIDAMLEQAKINRTVDIRNYLIALRKDRPHMVQTKEQYSFIHSAVLEALTCGNTEIQSENFNQTTQKLASVNRKFQMTGYALEFQRLNSFTSREIPAEEKSVGEEPQNLQKNRFCDIVALNSCRVMLRKEHADEESDYINAVFLHAHRERNAFIATQHPLLETVEDFWRMVTDYDIGTIVMLNNLHELDQEYPQYWPDHGATKYGHIGVSVLSKQEKGDVISTKLEVTRKKVRRKTHEVRHLHHVSWPDKCIPEVACSVLDLLDDVQTSQQQCGNAPVLVQCSNGVGRSGTFCVISSVIERLKTEQVIDVFQVIKRIRVNRPGAVESLTQYVFCYQIIQKYLGSFSDYANFSDC,,Tyrosine-protein phosphatase|Tyrosine specific protein phosphatases|Tyrosine-protein phosphatase|Tyrosine specific protein phosphatases,PTP_cat:IPR000242:1:245;PTP_cat:IPR000242:274:538,PTP_cat|PTP_cat
A7SMY6,NEMVEDRAFT_v1g124290,Nematostella vectensis,SH2:5:105;SH2:116:209;SH3:240:300;PI-PLC Y-box:400:515;C2:515:637,SVPRWFHGKLPDGRRVAEQYLNQFNRGDGSFLVRESTTFVGDFSLSFWRKGKVQHCRIRSKQENGQTKYYLVDQVTFDSLYSLVNYYTSHSMKSNNFELTLSEAIPQPNAHLDKDWYHDNLTRSAAEDMLKRVRKDGAFLVRRRERDDRTGEESYAISFRAEKKIKHCKLRREGRLFSIGTAQFESLVELVEFYMKHPLYKGMKLKYAINENVLSKVGQTPEDDAIYGTGDVYHEPNAFVTKPACRALWDYEGINDQEMTFCRGAFITNVVKEDSGWWIGDYGDQKQKLFPANYCEEINYITDESPEEDQEREGKVLGDLQKGCIDVQGCAIEMPAPKGGQRHLLKILKHGQVLLEAAAESQEQLNEWLVKLQEAAATAPEEKEVLRKQQSMKQNIAQELSDLIVYCQPVPFDIENLGNGKHYEMSSFPETKAERYISRKYSKEFVKYHRRQISRVYPKGSRIDSSNYDPVMMWNCGVQLCAMNFQTPDRSMQLNHGRFLDNGRCGYVLMPESIRQDGFCPYDRETSGVEPLTLTLTVIGARHLVKSGRGIASPFVEVEIVGAPYDCHKFRTETKVDNGLNPLWFSTFEVDILNSPLAYIRFVVYDEDMFGEPNFIGHAIFPMGSLRTGYRSVPLKNSFSEDYEMSSLLAHIDVRSAKV,,SH2|SH2|SH3|PI-PLC Y-box|C2,SH2:IPR000980:3:105;SH2:IPR000980:114:209;SH3_domain:IPR001452:240:300;PLipase_C_Pinositol-sp_Y:IPR001711:400:515;C2_dom:IPR000008:515:637,SH2|SH2|SH3_domain|PLipase_C_Pinositol-sp_Y|C2_dom
A7SPF7,NEMVEDRAFT_v1g215393,Nematostella vectensis,SH2:238:279,MDHLQGLSGSFSNMFNDVDQRILVNRTAQFSFGQHTKNPMLRRSSAPPGAMYPIQQQNVSVNRSMHPVLFWPPGAMYPIQQQNVSVNRSMHPVLFWPPGAMYPIQQQNVSVNRSMHTVLFWPPGAMYPIQQQNVSVNRSMHTVLFWPPGAMYPIQQQNVSVNRSMHTVLFWPPGAMYPIQQQNVSVNRSMHTVLFWPPGAMYPIQQQNTNSSRHSSVVDHGAFASPQTSQASQPSPHWYLGQLSRDSAIDILNKQPIGTYLVRDSETAKTPGSYTLSLR,,SH2,SH2:IPR000980:238:279,SH2
A7SF60,NEMVEDRAFT_v1g116118,Nematostella vectensis,PID:11:206;PDZ:232:317;PDZ:323:399,GPHHPRNLLLGVVYTAKYLGSSQIMSPQSPNRAVRMQQAQEAVGRIKVVLWCSSHVTDRPQVPEGEDQPTTDVDIFISTERIKVVNSQSKAMEASGQPLQCSEVMMDHALRTVSFIADIGDVMVLMARRPPGEQENPLETKPSAQQILASVGKAETDPKMIKITCHVFQADEAQVIAKSIGQSFNVAYQEFLKSNGISEDSVEDAEYNCVLEAQKILGEDLSLLSDETKAREVVVNKKPGEALGVMIVESGWGSMIPTAIIAHLAKDGPAAKSGRVNVGDQILSVNNTSLVGLPLPECQNVIKNSRPGTKVTLKTVSCPPTVQVVVNRPDTKYQLGFSVQNGMICSLMRGSIAERGGVRVGHRIIEINGESVVATSHQHIVDLLATTIGEIRMKTMPASMYRLLVGLDAPQHI,,PID|PDZ|PDZ,PTB/PI_dom:IPR006020:9:206;PDZ:IPR001478:232:319;PDZ:IPR001478:323:399,PTB/PI_dom|PDZ|PDZ
A7RN91,NEMVEDRAFT_v1g87445,Nematostella vectensis,Protein kinase:16:295,HKLPWNAEWEFPRDRIKLLDIVGTGAFGQVFLAEAVGISNKQVTRVACKGLKENATDSEYRDLLSELKILMHIGEHKNIVNLLGACTKGRECDLLVIIEYCPHGNLLNFLRKRRDVFEATWSPPTEKPDETFTLTDLVITSFQVSRAMQFLASRRCVHRDLAARNVLVGENYVMKIADFGLARDIYKEEHYVKTTAGLLPVKWMAIEALVDQVYTHSSDVWSFGVLLWEIFTLGGSPYPGLPANEVYQYLMEGQRMAQPEDCPQEMYDLMLRCWQHDPAQRPTFTQLLETIDKILEGKTTEVQ,,Protein kinase,Prot_kinase_dom:IPR000719:16:295,Prot_kinase_dom
A7T2F6,NEMVEDRAFT_v1g195585,Nematostella vectensis,SH3:56:115,RFQNNIQHFKVLRDGAGKYFLWVVKFNSLNQLVEYHRTSSVSRSQQIFLKDVDSECSQDTVVALYDFVAQEAGELNFKKGNHIEVLDKEDDNWWKGRVAETGEEGLFPRNYVSSK,,SH3,SH2:IPR000980:2:36;SH3_domain:IPR001452:56:115,SH2|SH3_domain
A7RFH8,NEMVEDRAFT_v1g80195,Nematostella vectensis,SH2:39:131,PERTRRNKKPKSRAEVVNWFQEEELPKRVCYDGDKILPYFHGIISRQDAEQVLLDKVPGSFLVRVSERVWGYTITYRAEERCKHYLVDTSEQTYQFFGHNQIAHPTLNDLIEFHKVRPISGMGQELLKIPCGQECDPPDYQELMVPSSPQRQETSF,,SH2,SH2:IPR000980:37:131,SH2
A7RHA0,NEMVEDRAFT_v1g81258,Nematostella vectensis,Protein kinase:59:334,METTNAHAPRRTPSTSSTSSAVALLRQRSLRNRLDSRLTHLNEVEIEYDEEWEFDRTYLVIREVLGEGAFGKVMRAEAFGLHGNSACTTVAVKMLKEDATEQELFDLVSEMEVMKSIGKHINIINLLGTCTQHGPLFVLVEYARWGNLRQFLRDRRPVKDYDDVMEPAETLTLLNLMTFCYQIAKGMEYLASRKCIHRDLAARNILVADDNILKIADFGLARDVHNVDYYRKTTDGRLPVKWMAFEALFDRVYTTQSDVWSFGIVVWEIITFGGTPYPGVPIEKLCMLLNTGYRMERPVNCSKELYEIMRNCWNENPEARPTFTSLVQAFDDLVALLSDEV,,Protein kinase,Prot_kinase_dom:IPR000719:59:334,Prot_kinase_dom
A7SX30,NEMVEDRAFT_v1g136229,Nematostella vectensis,Tyrosine-protein phosphatase:22:277;Tyrosine specific protein phosphatases:197:268;Tyrosine-protein phosphatase:309:564;Tyrosine specific protein phosphatases:480:555,PIPIALFPEYVAKMQANGGIRLETEYKKFDNGQQFPWEAARKPANKNKNRYANIVAYDHSRVVLERVNGDEDSDYINASFIHGYDGTPRSFIASQGPLPPAFEDFWRMVWEQNSQSIVMLTNLVELGKTKCHKYWPDKTETYGGVTVTLHQSEIFAEYEIRTFILSKAKQSGSRMVRQFHFTVWPDKGVPQYATAVLAFRRKVRALNPRDAGPVIVHCSAGVGRTGAYIVIDAMLEQAKKSRTVDIRNYLIALRKDRPHMVQTKEQYSFIHSAVLEALTCGNTEIQSENCNQAMQKLASVNRKFQMTGYALEFQKFDNGQQFPWEAARKPANKNKNRYANIVAYDHSRLVLERVNGNEDSDYINASFIHAHRGRNAFIATQHPLLETVEDFWRMVTDYDIGTIVMLNNLHELDQEYPKYWPDHGPTKYGHIGVSVLSKQEQGDVICTKLKVTRKKVRRTHEVRHLHHVSWPDKCIPEVACSVLDLLDEAQTSQQQCGNAPVLVQCSNGVGRSGTFCAISSVLERLKTEQVIDVFQVIKRIRVNLPGAVESPTQYMFCYQIIQKYLDSFSDYANYSDC,,Tyrosine-protein phosphatase|Tyrosine specific protein phosphatases|Tyrosine-protein phosphatase|Tyrosine specific protein phosphatases,PTP_cat:IPR000242:21:279;PTP_cat:IPR000242:308:566,PTP_cat|PTP_cat
A7S295,NEMVEDRAFT_v1g205661,Nematostella vectensis,SH2:534:631,MRQRKRFTHGMMVSYSKNSKYEDQELMLDSLLAECDDCDDDRPLIPPREPIVAMKLSPPPQRQKKSLNTHMWVTLPDKECLPSGEVASDGEVTGKFTQKSDFEQDAPQSPGSMPIKVFNEDNSSVTFSVGQNTTAMEACYKLMLLNAIKEDPTWVLVEHLTDLGIGEYVTDLYMGECVTDLGNGKCVMDLDIGEYMTDLGIGECVTDLGIGECVTDLGIGECVTNLYMDECVMDLAMGECVTDLGIVECVTDLYMGEYVTDLGVGECVTDLGIERNLEDHEKVIDVYNSLAGNSKLLFRKDPTKYDFFTNTAKYADTKLFEDGNTEDKAVSEKARKAKKILLMNLLSKCTRVPEISDVLHIKDYTKKSWTKKFIILRGSGLYTSHKGKSKAFKDLQSFAQFDGNNLYTMLNANKSHKAPTNFAFSLAYGPQLRQNYDDMLRKFAILARLEPLPPVMDTPPRPVPTESQPVNQDSLPSDRVAMDFTGTRGKLVTNCKEIEELTKRQKPQLSRRLSANHFISNSSSTGKELAEEFWFHGRISHDEALVLMKREGFEDGLFLVRESCSVSDVYVLTFCMNKKVFHCQLVQDIGPGSKMYYRLDKGPAFPSILELIRYYQRKTVNGISVALGRPCTVKRRRNFSCV,,SH2,PH_APBB1IP:IPR039665:348:475;SH2:IPR000980:532:631,PH_APBB1IP|SH2
A7T7E0,NEMVEDRAFT_v1g148785,Nematostella vectensis,Tyrosine-protein phosphatase:1:57;Tyrosine specific protein phosphatases:1:48,GAGRSGTLCAVLSVIDRVKAEHVVDVFQAVKVLRASRPGAVESLRQYVFCYEATMAFLDSFSDYANFS,,Tyrosine specific protein phosphatases,PTP_cat:IPR000242:1:57,PTP_cat
A7T4C4,NEMVEDRAFT_v1g222148,Nematostella vectensis,Tyrosine-protein phosphatase:19:225;Tyrosine specific protein phosphatases:156:229;Tyrosine-protein phosphatase:227:322,NGNIEEPLYENTEGQPRPVPISQFSDHVHRLKAKGRFKEEFQGYDGTPRAYIASQGPLPVTVADFWQLVWQEQVTTIVMLTNIVEVGKTKCHRYWPGGKARHGEFDISLHREEVFADYVVRTFIIKKDEGQSRQVVQFQYTSWPDKGVPRHATSVLGFRRKVRAHYTSRNGQVPMLVHCSAGVGRTGAFIAIDAMLERAKKEKTVDIHNYVNVMRNNRCTMIQTEAFRKRNAFILTQAPLEHTMAEFWHMICQYKIGTIVMLNNLQEDTLTYPQYWPSEGSKTYDHLNVRLMSREKQGKLISRKLAIGQKVSMQVPNSPDQV,,Tyrosine-protein phosphatase|Tyrosine specific protein phosphatases|Tyrosine-protein phosphatase,PTP_cat:IPR000242:6:322,PTP_cat
A7SEI8,NEMVEDRAFT_v1g115371,Nematostella vectensis,Protein kinase:15:299,DLPYDADWEFPEKRLILQEVLGSGAFGQVIKAEAIGILSLSARDKTSEATTVAVKMLKENASESDYKDLASELKIMIHLGEHKNIINLLGACTRGENLMLILEYAKHGNLLQFLRTRRDIYEPTWKKTTFNPKTEFTLADQVVDAYQIAQGMDFLASKKCIHRDLAARNVLVDEGYALKIGDFGLARDIYKTDLYVKKGAGLLPVKWMAPEALFDREYSSKTDVWAFGVVLWEILTLGGSPYPGVPLEQLLDYINEGKRMAQPRDCPPEIYAIMCDCWSLEQDRRPTFAELVRRIERIL,,Protein kinase,Prot_kinase_dom:IPR000719:15:299,Prot_kinase_dom
A7S933,NEMVEDRAFT_v1g109636,Nematostella vectensis,Protein kinase:1:228,MLYTHLTLVLQVALMSILDHPNVVKLLAVSTEEEPYGMIFEFMGEGDLNHYLRSAKPAESSAYKGPDDAKDLVGIAEQVAAGMEYVASLRFVHRDLATRNCLVGTDMVVKIADFGMSRDVYGSDYYKMSRETMLPIRWLAPEAFLYGKFTVKSDVYSYGVLLWEIFTFGLQPYYGYTNKEVTEFIKKGIHLGRPDDCPQFVYLIMKDCWSREPEERVDFGLIQKRLRD,,Protein kinase,Prot_kinase_dom:IPR000719:1:228,Prot_kinase_dom
A7RTD0,NEMVEDRAFT_v1g201852,Nematostella vectensis,PID:25:176,MKSVRRKLGLEGASKELEKDNALPVRYIGCVLNTHGVRGIDDSIAKIMNLQHSESGKKNSRNVRLKISEERISLLSEGKKDRFREIVRISLASTSYAVFPRNGCNVFVFNNHLSKEEIHCHAVISDSVVRTEAINEALFAAFRSAYFSTLRQKRAKIRQDLSMKESQRSRRNSQRTQALSSSSTQTDNTETVARTVVEIHHSSKHPTVPIATTNGRPTAQSITDVKHDLVPDKAKNNVQNYTGGIIHHRVLMARTQGRPTAQRIMDGNRNHEVPMTETNSRPPAQSIMDGNMQQRAQITATDYKAPSQSIMDVNRNNEVPIIETNSRPVAQSIMDGNRQQRAQITATDYKAPLQSIMDVNRNNEVPMIETNSRPAAQSIMDGDRHFAEPAITSNDKPPAQSTMDDNRYHRVTKATSNDKQPAQSIMDDGRYHRVTKATSNDKPPAQGIMDANSLAGGKRTRRANKSQIFEEIMKDETLVAYDV,,PID,PTB/PI_dom:IPR006020:25:176,PTB/PI_dom
A7SZ84,NEMVEDRAFT_v1g219858,Nematostella vectensis,Tyrosine-protein phosphatase:1427:1697;Tyrosine specific protein phosphatases:1639:1688,MEGTMETVELFGDSTLQLKYQSAASKLSVRLAFFSRFRFPFKGEDGRRLQTTNRSAVQGNDFSYTNPTTVSFGILVNEATTTVSITNDVIYEDSEEFYINITGGAAPKALCYTNQFAVITITDDDQGRSLQTTNRSAVQGNDFSYTNPTTVSFAELVNEAATTVSITNDVIYEDSEEFYINITGGGAPKALCYTNQFAVITITDDDQAVIGFQGDVVRFLNESVGSINVTIENTGSTKLPINVRYAVFKTLSHTLQVCSILDFGSYIAATIGFTSSSVTVAENAGNLSLPLTVKSGILGIPIEITFAITNISASSSRDHRLHYSSVTFTQEEPSQHATVTIINDATLENTESFNITATTTSPHVTLNYSSVTVTITDHGDKVTFGFVNKTVSVAESEGNITLLVRKTGNTSIPLDLGISTVNLNASAPGDFTHKEIADTFAVNEDLKSYTFAIHDDHVTEGTECFIVRLNVSRANVLVDPRDAAVCITDNDRVSISFVYLNITVEEQKGRVTVPMRKTGLAEVPVSVRLIEVQSMVWTAMIKADIRDFKDDIITFAPEQTEVSANITIVTDSIAESDELFSISFTPVDPTKAVVNTTRDTCVVRITDEYDNEEALKAKQQKEKEEKETSRILQIVLIVCTVVLAVMLIAIIIAAVCLCRLEPQFGPEYVCKRPVFRSLRTRYTRNFHQCADLKMDKLSGFGIADVPHTLKEVQSMVWTAMIKADIRDFKDDIITFAPEQTEVSANITIVTDSIAESDELFSISFTPVDPTKAVVNTTRDTCVVRITDEYDNEEALKAKQQKEKEEKETSRILQIILIVCTVVLAVTLIAIIIAAVCLCRLGQFLRIREILSLEKAEDECVLPGHLTRQQVRTIRPSHTPTGAYYQTISHANGCVLPDHLTRKQVHTTRPSHAPTGAYYQTISCTNKCVLPDHLTRQQVRTTRPSHTPTGAYYQTISYANRCALPDQLIHQQVRTTRPSHTPTGVYYQTNSYANRCVLPDHLTCQQVRTTRQSHTPTCAYYQTISYANKCVLPDHFIGQQVRTTRPSHTPTGAYYQTISYANRCVLPDHLTRQQVRTTRPSHTPTGAYYQTISHANRCVLPDQLIRQQVRTTRPSHMPTGAYYQTISYANRCVLPEHLTRQQVRTTRPFHMPTGAYYQTISYANRCVLPDNLIRQQVRTTRPSHTPTGAYYQTISYANRCVLPDHLIRQQVRTTRPSHTPTGAYYQTISHANRCVLPDHLIGQQVRTTRPSHTPTGAYYQTNSYANRCVLPDHLTRQQVRTTRPSHTPTGAYYQTISHANRCVLTEHLTCQRVRYYHTISHANRCVLSDNLIRQQVRTTRPSHTPTGAYYQTISHANRCVLPDNLTRQQVRTTRPSHRPTGAYYQTISYANRCVLPDHLTRQQVRTTRPSHTPTGAYYQTISYANRCVLPDHLIRQQVRTTRPSHTPTGAYYQTISYANRCVLPDHLIRQQVRTTRPSHTPTGAYYQTISHANRCVLPDQLTRQQVRTTRHLRRQRVCTTRPSHMPTGAYHQTISYANRCVPPDQLIRQQVRTARQSHTPTGAYYQTISHANRCVLPDHLIRQQVRTTRPTHTPTGAYCQTISHANRCIYRPSHTPTGAYYRLSHTPTGAYYQTISHANSAGVGRTGAFLVMDAMLRQAKKQKTVDIFNYVKAIREDRPHMVQTSEQYVFIHLAVLEALVCGSTDIPADNMKAAMARLSKLRTPGNVSGYEAEFQV,,Tyrosine-protein phosphatase|Tyrosine specific protein phosphatases,Calx_beta:IPR003644:49:125;Calx_beta:IPR003644:129:206;Calx_beta:IPR003644:371:491;Calx_beta:IPR003644:483:585;Calx_beta:IPR003644:732:766;PTP_cat:IPR000242:1427:1699,Calx_beta|Calx_beta|Calx_beta|Calx_beta|Calx_beta|PTP_cat
A7SMI4,NEMVEDRAFT_v1g123758,Nematostella vectensis,Tyrosine-protein phosphatase:1:233;Tyrosine specific protein phosphatases:153:224;Tyrosine-protein phosphatase:265:524;Tyrosine specific protein phosphatases:440:515,REKNRYANIIAYDHSRVILEPDSAGDKICDYINASYLHGFDGSFKAYIATQGPVVASFVDFWRMIWQEKSAVIVMLTNLKESEKVKCHQYWPDVSREYGDITVSVHSTEVFADYTKRVLFLAKRSEADKRHVVQLHFTVWPDKGVPQHATAVLGFRKKVNANNPYGSGPIVVHCSAGVGRTGAYIAIDAMLNQAHREKKVDIYKYVEMMRRDRIHMVQTEEQYIFVHMAILEATVCGNTEVPVQDLSRTITKLSAVVPGKGITGFADEFQRLRLVSDSIKEDETNVAKNLQNQNKNRDMEYLPCELNSSRVVLFSTKKEADYINASFADAYKERDLFIMTQAPMTQTTVEFWRMVMQYKAGTIVMLNTLEETGQTYTEYWPTEHPEIYGSVLVEPLSNDNYGDFTMRRLKVSSYTEQSHVIVRHFSYFNWPDKSGPANYQSALELMSEVQRSQQQAKNRPIIVQCSNGTTRSGAFCAIYSILERLKIEQVVDVFQVIKVIRIKRPQSVTSLAQYVSCYEMALRYLDTFGDYANFVL,,Tyrosine-protein phosphatase|Tyrosine specific protein phosphatases|Tyrosine-protein phosphatase|Tyrosine specific protein phosphatases,PTP_cat:IPR000242:1:235;PTP_cat:IPR000242:264:526,PTP_cat|PTP_cat
A7T7E2,NEMVEDRAFT_v1g148789,Nematostella vectensis,Tyrosine-protein phosphatase:1:41,ELGKRYILAQGPLPHTADHFWQMVWENNSKAVIMLNKVMEKNQVSAPTIFSILHFLRPL,,Tyrosine-protein phosphatase,PTP_cat:IPR000242:1:45,PTP_cat
A7TBN0,NEMVEDRAFT_v1g224910,Nematostella vectensis,Tyrosine-protein phosphatase:122:361;Tyrosine specific protein phosphatases:310:361,QQPSRPGQQHQQPFRPEQQPQQPFRSVQPPQQPFRADQQTQQPFHQPGQQPQQSFRPGQQPQQPFRPEQQSQQSSRPGQQCQPQFLPDQQPLQPYRAIQLTQRQQQQESDQQQQERMLKPLVAPTSQLSRVEQYTPTAMNPLQSRPTRADSHSVRQPIDPPQVTYQDYLGGSINRSLTCTPAITTTSQDSRPPSYPETGARVSHSTEQVWPLAPTAPAQQDPRSSAVSDYQTSYSVNLAPTAPAQQDPRSSAVSDYQTSYSVNLAQAQLNQYNYANAQQQQQQQFQEFQREMMMQQQSMIGVPKSPEDLIAFMGEVETCYTETEGEGGKPIILHCSAGVGRTGTFCVIFSAIREFTAHNGI,,Tyrosine-protein phosphatase|Tyrosine specific protein phosphatases,PTP_cat:IPR000242:122:361,PTP_cat
A7RZ71,NEMVEDRAFT_v1g98570,Nematostella vectensis,Ig-like:5:96;Ig-like:101:212;Protein kinase:334:613,PIGPPYFAQQQKMKGTFIAWPAWHTIKLKCKAEGTPPLTFTWLKNGKPITHRRLQPGLKTNQWYLRLRDLVPADTGDYTCVVSNPYGQINHTYTLQVVTKPRSRPILQRNLPRNTSIELGGNATLDCIVVVSGTLPDFRWLKWDKVPSTYPELDLNNGSYTLIDPVYYRTIEAGETYGVQLTVVNVTKKDLGLYTCYVSNHIGKDYVSAFLSEKIIPTTTRPVSPTVAELSSSSFNPSSRVVLAMMGVVLVIAIIGLLPETLINEPDTPTSIDAPIRTFPYANSRTRIGSTGSANSSTPLIRYRNVTTSSIEESFLDFYELPIDEDWEIDRSQITIKEQLGEGAFGLVMKAEALGLTDMPYRHTVAVKMLKADATENELADLLSEMDTMKNIGSHKNIINLIGACTQNGPLYVVVEFAPHGNLRQFLRERRPSDYHRSRSDSSTHSQPSLIVRDFISFAFQIARGMEYLSFKKCIHRDLAARNILVGEDYVMKIADFGLARNVRDMDYYRKATDGRLPIKWLAIEALFDRVYTTQSDVWTFGILLWEIFTLGGSPYPGIPVEKLFELLKSGYRMQMPQKCPDKMYDIMLSCWNENPNARPSFTELRAEFDKMLTSMTDKVNEEA,,Ig-like|Ig-like|Protein kinase,Ig_sub2:IPR003598:21:87;Ig_sub2:IPR003598:118:203;Prot_kinase_dom:IPR000719:334:613,Ig_sub2|Ig_sub2|Prot_kinase_dom
A7SVG7,NEMVEDRAFT_v1g218096,Nematostella vectensis,Protein kinase:1:263,MAVHPNSSMVYLSSLIHQGSNFPRAFYSIADIRKKLVDVDNCQTSSERREYMRLFPPFDENDEENIIKKSLKEWNIPYSDLQFGDKVGIGPKGHVYKGRWHGEIMIHTVKKSSKIDLEEFLKEAWLRKYVAFSHVINVFCLSRHGYASLPRGHLTYVPPEHMRKISWSENELELVQCCNSSVKTNVYVFGTLLYEIMTGRWPFSHFPVESIIWMVGKGKKQCLRHVKCPEKTKNLIRECWSDNSEDRPDFAKIVQFFQEHNISHECSNKRITGSHSEPEKIHMVGRQSSKLSFSTAPL,,Protein kinase,Prot_kinase_dom:IPR000719:1:263,Prot_kinase_dom
A7RTC9,NEMVEDRAFT_v1g201851,Nematostella vectensis,PID:17:134,MIKVKHRKADLAAEKIFQAKYLGFVSTNEPGVAGIEQAVRKIYDNVKLEEKSCPKITLEVCKEGLKITEAKRHQDCRFYPIKDMSYCTLNRYETCIFAFNHHVSKSPRKVECHAVMCNSEEKAKDIALALYSAFREGHFEELRKERKSGTLPRKEDTGSEGKDVCETYSSNGDTTSVETTKVGVIDGEEKELDNIVKDMLATVERESATLKNKT,,PID,PTB/PI_dom:IPR006020:12:148,PTB/PI_dom
A7SI91,NEMVEDRAFT_v1g119412,Nematostella vectensis,Protein kinase:12:257,MLDHWEVPEQKIIRVEELGEGAYGKVFRGYILEVPEQVSKSSNFTNNTSVTELRADFLKEIQLMKEVGSHRNIVNMLGCCTLTEPMFLIVEYLPYGDLLHYLRKRRGKSIDMDVMSVKEEDDVLTSGDLMAFAWQVAQGMEYLSKRGFVHRDLAARNVLVGDNKVAKVADFGLTRHMYEDLYQGKTSRKLPLKWMSIEAIFDQAFTSQSDVWAYGIFLWELVTMGGTPYPAINNRELLRLLKEGYRMEQPDTCSDDL,,Protein kinase,Prot_kinase_dom:IPR000719:12:257,Prot_kinase_dom
A7RSX1,NEMVEDRAFT_v1g92237,Nematostella vectensis,Protein kinase:1:224,ELIVAVKTLKQGCSNEMKTSFLQEVTLMAVLHHPNIVELLAVSTEEEPYGMIFEFMSQGDLNQYMRKRGPYSLEEEKSLTQEDLLSISLQVSSGMEHLQSMRFVHRDLATRNCLVGDGLVVKIADFGMSRDVYASDYYKVEGQAVMPIRWMPPEALLYGRFTVESDVYSFGVLLWEVYAFALQPYYGYTNEEVCGFIKKGVHLGKPEDCPDHIYDVMKSCWNKD,,Protein kinase,Prot_kinase_dom:IPR000719:1:224,Prot_kinase_dom
B2WR86,,Nematostella vectensis,Ig-like:28:114;Ig-like:133:252;Ig-like:257:368;Protein kinase:555:834,MTALRAWWILGTYLAICAPSVQPGLSQPKFTKAVKSSYQVKLGESARLKCRASGVPPPYSYWLKNGLPVVPSHRIRIVKNRYLKIKSTVLGDAGEYICVFNNTYGEINASIHLDVKATPEEISTSNGHFPPRPTVSSSILRGAGNRSTVISGSPTKNGEPPRFLDWNKMKRAFIAWPASHSMRLRCQATGTPPLRYHWLKDGKEIKGRRLDPYMNTTLWFFRLKDLVPTDTGKYTCIVSNAYGSINHTYTLRVIAKPRSRPILQRNLPRNTSIELGGNATLDCIVVVSGTLPDFRWLKWDKVPSTYPELDLNNGSYTLIDPVYYRTIEAGETYGVQLTVVNVTKKDLGLYTCYVSNHIGKDYVSAFLSEKIIPTTTRPVILVPTKKSKLNVNTSSSEVSPTVAELSSSSFNPSSRVVLAMMGVVLVIAIIGGLAVYYFYRRKLRGHRSKGEKTIELKLPEGLLPETLINEPDTPTSIDAPIRTFPYANSRTRIGSTGSANSSTPLIRYRNGSYRSRFSSGVSSRLDSSSVITEESFLDFYELPIDEDWEIDRSQITIKEQLGEGAFGLVMKAEALGLTDMPYRHTVAVKMLKADATENELADLLSEMDTMKNIGSHKNIINLIGACTQNGPLYVVVEFAPHGNLRQFLRERRPSDYHRSRSDSSTHSQPSLIVRDFISFAFQIARGMEYLSFKKCIHRDLAARNILVGEDYVMKIADFGLARNVRDMDYYRKATDGRLPIKWLAIEALFDRVYTTQSDVWTFGILLWEIFTLGGSPYPGIPVEKLFELLKSGYRMQMPQKCPDKMYDIMLSCWNENPNARPSFTELRAEFDKMLTSMTDKEYLEILAKSVDHVAGEMEAPITDESDTNTDTFTESSC,,Ig-like|Ig-like|Ig-like|Protein kinase,Ig_sub2:IPR003598:41:105;Ig_sub2:IPR003598:177:243;Ig_sub2:IPR003598:274:359;Prot_kinase_dom:IPR000719:555:834,Ig_sub2|Ig_sub2|Ig_sub2|Prot_kinase_dom
A7SRD3,NEMVEDRAFT_v1g12570,Nematostella vectensis,Protein kinase:28:257,RMYIDPSNYGDPMEALMSVAKEINKDDLKLEIVIGGGEFADVYRGVLTNEDKTQEKVAVKILKPGSSHKNREDFCVEASIMGQFDHPNVIALKGVITRTRPMMIITEFLENGSLENFLKSNDGRLTTLQLVGIGRGVAAGMAYLSEMNFIHRDLAARNILVSDNLAAKVSDFGLSRELDDSPENEQSEYQTQGGKIPVRWTAPEAIRYRKFSSASDVWSYGILLWEIMSFGERPYWTWDNFQVMDRVEGGYRLPAPM,,Protein kinase,Prot_kinase_dom:IPR000719:28:257,Prot_kinase_dom
A7S358,NEMVEDRAFT_v1g102806,Nematostella vectensis,Protein kinase:7:273,LIRALDLKEITDIGEGFFANVALGKWIGPNKREQFVAIKSIKGNFLEDHLEDVLREADTMMSLDHRNIIRLYGIALITSKTPMGIKLVTEYAVFGSLSEILKNPNKPEFLQVTRLRKFSLQIADGMEYLANRHLVHRDLAARNVLVVEPELVRISDFGLAKALDQGQEITAGREMAIAWCAPEVLKGREVHPKCDVWSYGVLLWEMYSFGKRPWDGIPIMQVMKIVTQQPEKKLEQPKACPSELYELMLHCWVHEPQDRPGFAEIRSSISKVL,,Protein kinase,Prot_kinase_dom:IPR000719:7:273,Prot_kinase_dom
A7SQN7,NEMVEDRAFT_v1g127769,Nematostella vectensis,Tyrosine-protein phosphatase:1:152;Tyrosine specific protein phosphatases:71:143,QVKCHKYWPEENEQYGKIIVTLEEKEELADFEIRKFSLRKLSNQMETRMVKHFYFTSWPDHDVPEYATGLLEFWKRVRNSWEGPQSGPITVHCSAGVGRTGTFIVIDAMMEQIKEENLLDVYSYVSRIRAQRNFMVQRPSQYSFIHYALLEAVTFGDTEIEVQNLRMRLMQLAEKVAGTGMTGLEREFQV,,Tyrosine-protein phosphatase|Tyrosine specific protein phosphatases,PTP_cat:IPR000242:1:154,PTP_cat
A7T0L8,NEMVEDRAFT_v1g140565,Nematostella vectensis,Tyrosine-protein phosphatase:1:89,DHSRVVLNEIENVRGSDYINASHIDGYNKPNAYIATQGPIPTTFDDFWRMVWEQQSASIVMLTNLQERHKLKCHKYWPDETEEYGDIGV,,Tyrosine-protein phosphatase,PTP_cat:IPR000242:1:89,PTP_cat
A7RTJ9,NEMVEDRAFT_v1g201944,Nematostella vectensis,Tyrosine-protein kinase catalytic:20:137,MVGSPSYHMDPQWTVPRERIHIMKVIGNGAFGQVHKGRVHGLGTNSPGWTLVAIKSPYEAGEISMIRLKHIAAKFDKKGGGEPYPGIAGKDIPEYLEAGYRMSCPTHLDATLYEIMASCWATCPDMRPTFTSLEKLLNTLEAVQSKVPPYPLSPYQVPPYPLSPYQVPPYPPSPYQDYINLSECFSLRQSRRKETMELTAPTK,,Tyrosine-protein kinase catalytic,Ser-Thr/Tyr_kinase_cat_dom:IPR001245:80:136,Ser-Thr/Tyr_kinase_cat_dom
A7TCW6,NEMVEDRAFT_v1g225402,Nematostella vectensis,Tyrosine-protein phosphatase:1:137;Tyrosine specific protein phosphatases:56:133,MADFWQMVWETGSGHIVMVNDDQKNKETAPPSTREISHYQFTSWKEKTTPNVALFVGFVVASREVSKKYEQEKDAPVIVHCSDGQGFTGVFVALDIGVRSHEESKTSVVDLFEVAKRLRQARCGIISSLQHYNFIYQ,,Tyrosine-protein phosphatase|Tyrosine specific protein phosphatases,PTP_cat:IPR000242:1:137,PTP_cat
A7RJD7,NEMVEDRAFT_v1g83704,Nematostella vectensis,Tyrosine-protein phosphatase:23:288;Tyrosine specific protein phosphatases:203:279,MQRFLQHKSSLEPRNNPQGENGFAKEFQELKNISSRQKRDKAFSTNHGEKEYNRTKNRYKDILPYDYSRIVLPEIKGVDGSDYINGNYIKGPTKNIMYLAAQGPLPKTVDDFWRMMISHNIQVVVMACREYELGKLKCKRYWPESMEETLTFAGMKISLESEEAMGDGFTVRTLAVQAGKTKHNVTQFHYTAWPDHDVPRSATPLIELTRSFRTFVGSQDTPVLVHCSAGCGRTGTICALDYARTLLQTGRTEELSVFDIVANLRRQRVAMVQTKEQYTLVYKAVEELVNEELRKQNHLYVNVSVGDQQGGEEQNYENSTSSASSEDQDLPPPVPAKTAGAFLVAGTTVTTQ,,Tyrosine-protein phosphatase|Tyrosine specific protein phosphatases,PTP_cat:IPR000242:22:290,PTP_cat
A7SXB9,NEMVEDRAFT_v1g136532,Nematostella vectensis,PID:1:141;PID:171:294,FPVHSMGWVELEENQVAPHNMSETIADCISTLAKNRNDLWNTSETWGEGKDIRLLLEGDTLKLVEPRNKVTLLVQPVSKMRVWGVGKEDHRDFAYVARDPHTSKHKCHMFRCHGNISGRAITNALHEMCNKILEEKRRAQESVSKTAQPKPWSDIMNTPPPPSAKQQKKTFTAKFVGSTDVNKPTGMDMLNKAISKVWSRGGPKRTVLIEVTVSSIKITDCTSQEVIAEDRVRFLSFMGVGKDDSLCGYVMANGADSFVCHVFQCSPNAATLTKALREACQLRFQKCLDAHPEAAARIPAPDAEKSKDKDKVK,,PID|PID,PTB/PI_dom:IPR006020:1:142;PTB/PI_dom:IPR006020:166:294,PTB/PI_dom|PTB/PI_dom
A7SAX2,NEMVEDRAFT_v1g111583,Nematostella vectensis,Protein kinase:28:308,MGETNPGLDAIYSCVGEDEAWEVPPQNLSVIKRLGSGNFGHVDKAMAIGIPGFPGQVTVAVKTLKATAQEKDKTDFLTELNLMKSLRPHPHVVRLIGCCTRQAGELSNHLAIIFEYLPYGDLLGYLRRSRGHEDWYCSGDLRPPSRLVSKDLVKFAWMIADGMAFLAANKCVHRDLAARNVLVGEHNTCKISDLGLARDVSQDIYTRTSSARLPVKWMPPESLLYGQSSSASDVWSYGIVLWEIFTIGDSPYPGVKSKGIPRMLREGYRMPKPPHVGDALYFVMLRCWQEDPDERPTFDELCDNMQALQQDEKVG,,Protein kinase,Prot_kinase_dom:IPR000719:28:308,Prot_kinase_dom
A7SGK0,NEMVEDRAFT_v1g117565,Nematostella vectensis,Protein kinase:7:226,EIPRDDVDFGKELGSGAFGEVYAGTVSKDGKCLPCAVKTLKRHATEREYRDLFNELSIMGQVGFHPNVVNLIGACTVDGPLWVIVSLAENGNLLDYLHLHRKPNYQYHSYENIPTVSTEQPEEISYVQKLKFAHGIAQGMRHLEKHKCVHRDLAARNVLLGRGLEPIVSDFGLSRDIYESGMYEDLRGGKRPVRWMAPESIEDYTCTSKSDVWSYGVLLWEIETQG,,Protein kinase,Prot_kinase_dom:IPR000719:7:226,Prot_kinase_dom
A7RHT9,NEMVEDRAFT_v1g82372,Nematostella vectensis,Protein kinase:9:288,RWEFPRDRVKTSVVLGSGAFGVVMKADAQGIKGCVGSLPVAVKIVKENDSDTARRDLMAELDLLKLIDPHPNVIGLLGCCTRGDPLMVIVEFCQYGDLQSYLRHCRGIEDKYYEQIYMVPEKKLTAKDLLSFGIQAARGMAHLASMKVVHRDLAARNILIDEKSVCKVSDFGFARDIYVEDHYTRKTQGGRFPIKWMAIESLLDGVSTTKSDVWSYGVLLWEIVTLGASPYPGMNSQEVINFLQDGYRMDKPKHCLDELYAVMLDCWQLSAQRRPTFVEISRLLNKMLSDERVSH,,Protein kinase,Prot_kinase_dom:IPR000719:9:288,Prot_kinase_dom
A7RL98,NEMVEDRAFT_v1g160028,Nematostella vectensis,Tyrosine-protein phosphatase:1:252;Tyrosine specific protein phosphatases:167:243,MNARRSFTSHAAKLSHNRAKNRYGNIQAYDHSRVMLRGAGSGCDYINATYIKDFDGTPKTYIAAQGPLESSCNDFWQMVWQEKCSVIVMLTGLIERNELKCHQYWPSTDQPAAYGVLTVSLKKKEEFSDYTVRSLLLSKQGTLKEVRLIHQYQFTSWPHRGVPQQTAALLRFRKNIINRSPHVSESGPWIIHCSAGVGRTGIFLVIDAMLRQAKEKKVVDIYNYVHSIEEDRPYIIQTKDQYVFIHQTILEALIAENKRIKRPHLHGQESSI,,Tyrosine-protein phosphatase|Tyrosine specific protein phosphatases,PTP_cat:IPR000242:1:254,PTP_cat
A7RZM8,NEMVEDRAFT_v1g241799,Nematostella vectensis,PDZ:7:74;RGS:657:773,MSASIRNVELHRASGGYGFTLSSQGPCVLSCILASSPAHKAGLKPGDQILYVNGSSVERHPHEQVVKLIARSPDGRVNLGVRNRVVAETKPATAALQSHETADDVAVNNAIINRVDKVVEELRSGQLLVNTPVAIRRSLSSTTDGVTSISEDDIASDEELKASFNENVFIDSPSDSVFSEQHFFDNNSRRSSEAEITPTKLNRELYPALTPTKSAPDMCTDTRTEPDYKAVVGYLGSIELPSNSSLQNASLNAIRGCVRRLRAQQKVHLMFVLEVSVVGVLLVDSSGNIVVTYPVRSLAFTGLCSDDNKVFGIVTRKSADANRPSSWHSSKGMVDSQSTVNCSCHVFSVDSDLVPHEVHKTTAEKFHVKCTEGSGDSLCREFQNTALPILNAISGLFKERAASETYLDEMRPRSRSIPSAPYSVDQLVKSKSSCGDQYTCSFDGNLNAIAVNKNVSRSKPNIRVKISDSIEDSFIHERSMSDPALYDEPFRRRSVQIQRVSPLLSRKESYGSSYDNLKENSNDGKLIEKDNYKRAVTSSQQAKVSTPAIDVLACNTNGHVVSTTSSPESLGDSLMSQSSSHSYQSEMSHKDAYDKTFDIMELENCLSVESLDHAGNGPGKPMDHLSPSRTSSTQSLHSVNSMSNETVEGRVSRWALGFDKLMDDQAGLHCFEEFLKKEFSEENIVFWIACEEFRSISDPKKLKSAASTIFETHLSPNALMPVNIDSSAVKVAEEHLLNPTNHMYRVPQQQVYTLMKFDSYPRFLKSDLYRQCLMCEAEGVALPYEEPEPEEKVNKFRFTKKIFNFTPSSEESISEYSSGSSRSSFSLEAKHSGRGWGRRSSSKKSSSSMEESKTPGEKMRALLPWKGKYARKGSRPFDSQPSSARSSISSLSDSGQNMSRSTESLEGKKENDSMHFCRIVLPDQSSTIVSARHGQTLAEAFDALVSAMGVYLGASNKVFDMFYVCVDLAAMGVYLGASSKVFVMFYVCVDLAAMGVYLGASNKPLWGSISAQVTRYLICFMCVDLAAMGVYLGASSKPLWGSISAQVTRYLLCFMCVDLAAMGVYLGASSKVFDMFYVCVDLAAMGVYLGASNKVFDMFYVCVDLAAMGVYLGARTRLFDMFNVCGL,,PDZ|RGS,PDZ:IPR001478:7:85;PTB/PI_dom:IPR006020:225:372;RGS:IPR016137:654:773,PDZ|PTB/PI_dom|RGS
A7SE08,NEMVEDRAFT_v1g229989,Nematostella vectensis,SH3:1:58;SH3:130:191,MEARAKHEFKATQEDDLGFAKGSILNVLDMDQDKNWYKAEQDGREGWIPKTYIEMKPHDVGEEGGNHQVVQCLGRGDHQRFNNQVQHFKVFRDTDRKYYLWNTKFLSLNKLVDHHREASVSRSQHIVLKDMMEAVQALFDFEAQEEGEVSFKRGDCIEVIDNSDVNWWRGKVLTTGEIGMFPSNYVKAKDVNI,,SH3|SH3,SH3_domain:IPR001452:1:58;SH2:IPR000980:80:115;SH3_domain:IPR001452:130:191,SH3_domain|SH2|SH3_domain
A7S5K8,NEMVEDRAFT_v1g234961,Nematostella vectensis,Protein kinase:58:316;SAM:338:402,MCHKPYNTISSFMLFTHVLVSEVDLPTCGQRVYIDPSNYNDPEEALRNFAKELDKRWLKLEKVIGGGEFGDVYKGTLKRPGENTIPVAIKTLKQGSTSKNRGDFLSEASVMGQFCDPNVIFLEGVVSKTHPLMIVTEFMSNGSLDNFLKKMDSKLSLIQLMGMARGIASGMKYLSEMNFVHRDLAARNILVTETLVCKVADFGLSRELEDSAYETSGGKIPVRWTAPEAIKYRKFSTSSDVWSYGILLWETFSFAERPYWDWSNFEVMDRVETGYRLPPPMSCPKVIHQIMLECWDADRTKRPSFALIVKQLDSLIRSPEKLKDNQSVIQSKPNIDYSEITTVEEWLGSIKMGQYTEHFKQAGYRDLQTIAESEEPDLDGLGVKLIGHKNKIRKSIREVKGKLKRETSLPV,,Protein kinase|SAM,Eph_TM:IPR027936:28:54;Prot_kinase_dom:IPR000719:58:316;SAM:IPR001660:335:402,Eph_TM|Prot_kinase_dom|SAM
A7SI92,NEMVEDRAFT_v1g119330,Nematostella vectensis,Protein kinase:12:308,MIDQWEVPYEKVLLDDELGEGAFGKVFKGTLVELPEQSSKYSIAKSMRRKSTKPEERVLEGNSADERRGNRNIVNMLGCCTLTEPMFLIVEYLPYGDLLHYLRKRRGKLVSLYTGDKPQSERGAAENDGIEDEEEDDGISSGDLMAFAWQVAQGMEYLARRGFVHRDLAARNVLVGDNKVAKVADFGLTRHMYEDLYQGKTSRKLPLKWMSIEAIFDQAFTSQSDVWAYGVFLWELVTLGGTPYPTIGNRELLKLLKEGYRMEKPDMCNDDLYTIMLSCWKDKPEDRPTFENLRSTLEDLMMRDNPYFDPSA,,Protein kinase,Prot_kinase_dom:IPR000719:12:308,Prot_kinase_dom
A7S936,NEMVEDRAFT_v1g109586,Nematostella vectensis,Protein kinase:7:298,EIPRDDLTTERELGSGAFGVVKKAKTEEPEEEKGKVLEIVPCAVKMLKENPTESELRDLCNEIAIMALVGDHPNIVSLLGACTVNGPLWLVVKLAENGCFLDYIKEHRSVAEYENTENKIHSYENVTEKTQGAPMTEKEKLKFAYEIAKGMRHLEKKKCVHRDLAARNIILNADNVAMVSDFGLSRDVYESGAYDNTTGGVLPVRWMAIESLEDYTYTTKSDVWSYGVLLWEMESGALMPYAGMSGVEILKRLKQGYRLEKPSCCSQELYALMYECWNPEPKNRPAFSDIVSRLEETLRAKAVR,,Protein kinase,Prot_kinase_dom:IPR000719:7:298,Prot_kinase_dom
A7RX97,NEMVEDRAFT_v1g21450,Nematostella vectensis,FZ:1:122;Kringle:131:197;Protein kinase:267:508,CEPYKGTFCSKYLKGKNVYVKDRQQNVENKVATLIGILNRHVTDRCKEYVIPTLCNYIIPPCAKDSKKPRPIRFCRDDCEVLQNTVCKLEFHYAKQRFAKMLPDCSVLPGPGSPEYKTCIRVTMKGEDNQYCYNGTGEDYIGRLNVTKYGMPCLSWKSNDPVYKLSHNFCRNPRGQHEAPWCYVDKNTYEYCVIPKCSEASDAIMAVLILAFVSIIVYLKVQHRRSTLPNRDHSSSGSISKSTQSTLQQPSSDFKQSLIDDANQGKVKFLELLGEGGFAKVCKAALMRNETEYTDVRLAIKRLKPNVPPQVVENFKNEISVLMGLQDINVLCLVGVSAGEEPLFMVFEYFEDMDMHRYLNLHIPSPAQLQDDLRDDCMHDPDEVLFLDFALQVASGMAYLAENNFIHRDLAARNCFITEDNIVKISNLGIGSCRYPADYSWVHGSSLLPVRWMPPEALNSLHFTHRSDVWSFGVVLWEIYSYGRQPYSGYNNQEAIECIRNMQMLPCP,,FZ|Kringle|Protein kinase,Frizzled_dom:IPR020067:1:122;Kringle:IPR000001:130:199;Prot_kinase_dom:IPR000719:267:508,Frizzled_dom|Kringle|Prot_kinase_dom
A7RZG4,NEMVEDRAFT_v1g183746,Nematostella vectensis,SAM:15:81;SAM:90:155;PID:253:382,MQVALWTSLPNGRRGKAKTVAGWLDALGLPQYESDLVSNGFDDLNFFNGGILEDQDLLEIGVLDMSNRKILLEAVKSLPVHPQLVDSNAQSFSSASEWLGSLCLDEYVPRFEHQGYASMERVMLIWEVELTSVLDISALGHRKRMLVSLADLKKQTQNANDNKQDGVKTWDLDLEAKLNELTAELSLYCPEEKPAESKPKMPTDSDVMSAMDSGELALAMAEQLLNSEVLKKKTEERKKENRWHHEPEVLLKGSVNYTTQYLGSHMVKEISGVTSTIDACRKMRLSTAKLQKVPSVILSISVNGIKFIDARSRLLVSHHDMKNVSYITQDPEDKCVFAYIAKDAKIDKHYCHVFRVEKKELSDEVTMSIGQAFELAYEQFMHLQRHLNTHAQQKAS,,SAM|SAM|PID,SAM:IPR001660:12:81;SAM:IPR001660:87:155;PTB/PI_dom:IPR006020:252:386,SAM|SAM|PTB/PI_dom
A7RS60,NEMVEDRAFT_v1g91512,Nematostella vectensis,Tyrosine-protein phosphatase:9:204;Tyrosine specific protein phosphatases:122:199,MCLQDHKGQRRYIATQHPMRETMADFWQMVWETGSGHIVMVNDDQKNKEADYPFYWPTTESGTGKYGSMSVTTKTITTKPDYTITALILTNNTTAPPSTREISHYQFTSWKEKTTPNVALFVGFVVASREVSKKYEQEKDAPVIVHCSDGQGFTGVFVALDIGVRSHEESKTSVVDLFEVAKRLRQARCGIISSLPHYNFIYQV,,Tyrosine-protein phosphatase|Tyrosine specific protein phosphatases,PTP_cat:IPR000242:2:204,PTP_cat
A7RGQ1,NEMVEDRAFT_v1g238125,Nematostella vectensis,SH2:385:480,MSSEKGCRGLSGSQRTSIVVVIPLDGFDKCYSIVAIIFNIAKYSHTYEIQQPVSSSIIKPKTFFCKRPSASPFDSQCQASDASSGVYTAATGVAGSSPLADNWDAASVSKSSQSSGKRLTFESPQASSSPRPSSAKDRQLAHLLNHTPNDVRNFSWKFQRQIAELLNPRKEPTGEDWRMVASNLGIKAATIRTLESKENPTMELLNLCHNTTTVDFFRAIDESGRFDVISDLLEKLSLEPPSNKLPTQESLDDSTSTSVSGISLPPDESFGASSGRSRLSKTPSEHREDESDDEIMNVIERHLTQESREFWRSIPGVQHQHKINILWIVLDVPEERDTKDVSLLSFCRLVAWFGPMVPGKGGALHKIHELMTKSLSKSNIGKQSWFAGHMDETESERLLRDLSPGHFLIRFSTSRADDGFFVLAVKTRDNGVVQVQIESSPREGLLILGGEVFQSLVEIVEKLRNETLLEDCRQLLINPCPNLPLNAIFSGYGRAGPIRGRPRGRGRGRDSLPAS,,SH2,Death_dom:IPR000488:161:208;SH2:IPR000980:383:480,Death_dom|SH2
A7SFD8,NEMVEDRAFT_v1g116411,Nematostella vectensis,Protein kinase:1:229,VQVAVKMLRDSSDSEDRVKFLQEAAIMRQFTHRNVVYMYGVVTNSNPIMIVLEHMSLGNLRNYLLNLRLKYGKEVVLCLDTRSQLLGMIRDIAAGMQYLHSLGFVHRDLAARNILLDSDMICKIGDFGMSRDLMICDYYTSRGGRIPVKWTAPEAINYGRYSSASDVWSYGVLLFEIWSLGDKPYANLDNNEVVEAVSRGYRLPPPDHCPTMIYRLMVDCWYVWFVLLP,,Protein kinase,Prot_kinase_dom:IPR000719:1:229,Prot_kinase_dom
A7T5D4,NEMVEDRAFT_v1g146607,Nematostella vectensis,Tyrosine-protein phosphatase:1:57;Tyrosine specific protein phosphatases:1:48,GVGRSGTFCAISSVLERLKTEQVIDVFQVIKRIRVNLPGAVESPTQYVFCYQIIQKYLDSFSDYANFSDC,,Tyrosine specific protein phosphatases,PTP_cat:IPR000242:1:57,PTP_cat
A7RGL0,NEMVEDRAFT_v1g238102,Nematostella vectensis,PID:33:154,MLKLFSCRSDSSATIESDKDYLTVDFSKHRPTYTVRYLGCEELYKPGLQQMCETVNDIYVSQKSRLRKLNHCFLTVTSDAVILREQDSTEDDGRTFHLRRILYCGVYSRVQRLFFFNYQSGAKGDVVNCHIILCSSKEEAKSLAKVLSKAFKLAAIEAHHQDVENRKLHARGLSQSSLAHETDGRKYYNMKNSGGNLSVNSADFRMKGLSASSDERDFRSGKGSNNKFSDWEITDSSRDDTSMSSFTAEIRDLIETSSYTKDTDFDEETSSLLKSQTDATDDTMTSDEHCRTQEPSFIRFSYNFEIDNWSKIIDLDSTDV,,PID,PTB/PI_dom:IPR006020:33:155,PTB/PI_dom
A7RN18,NEMVEDRAFT_v1g87358,Nematostella vectensis,Protein kinase:14:265,SPEPDEWEIERTEIAMKHKLGGGQYGEVYEGTWKKYNKTVAVKTLREETMEVEEFLKEASVMKGIKHQNLVQLLGVCTREPPFYIITEFMMNGNLLDYLRSPKGKDLDAVTLMYMATQVGSAMSYLESMNFIHRDLAARNCLVGDNNLVKVADFGLSRLVSEDIYTAHQGAKFPIKWTAPEALAHNTFSIKSDVWAFGILLWELATYGMSPYPGIDLSQVYDKLDGGYRMPCPEGCPPEVYSLMQTCWCWDPNSRPSFKEIHEKLNTMFPSSNVNEGVYISYIKVYFYIH,,Protein kinase,Prot_kinase_dom:IPR000719:14:265,Prot_kinase_dom
A7SQ51,NEMVEDRAFT_v1g41034,Nematostella vectensis,Protein kinase:12:291,MDPQWAIPREKISILKVIGNGAFGLVYKGRVHGLGTNRPGWNLVAIKSPYADASDRETRDLMKEFELLKTLKPHPHVIKMLGCGEDDGRPLVIIEYVPHGDLLGYLRKSRGEEDDYYSDPEIKPKTSLSSQQLIRFAWQVADGMEYLSSQKIIHRDLAARNILVGEGEVCKVADFGMAKDVSNEDIYIRTTEGRLPVKWTAVEALIGGGEYTTLSDVWSFGVVLYEICTIGGEPYPGIAGKDIPDCLETGYRMPCPTHVDATLYQVMASCWATCPDDRPTFASLQKLLNTL,,Protein kinase,Prot_kinase_dom:IPR000719:12:291,Prot_kinase_dom
A7T089,NEMVEDRAFT_v1g220328,Nematostella vectensis,Tyrosine-protein phosphatase:92:338;Tyrosine specific protein phosphatases:254:329,MPVTGKRGNRKSGKDRLIRNAPFLEMSFFTTTVTLPNLGNHDTVQTRDQYAFVHFAVLEALTCGNTEIEAGNLQIAMRKRAAVKPTQNLSGYALEYQRLLAVSSQIEDENSKVGRADYNIKKNRYPSVIPFDGGDYINASFADAFRKRNAFILTQAPLGHTMAEFWHMICQYKIGTIVMLNNLQEDTLTYPQYWPSEGSETYDHLNVRLMSREKQGKLISRKLAIGQKGVEGEHEVVHIQHIEWPDKCAPVNHQSVLDLVSWVQLSQQQCGDKAIAVQCSNGVGRSGTFCAIYSLLERIKAEQVVDVFQTVKVLRLGRPGAVETLTQYIYCYQMVQRYLDSFSDYANFSEV,,Tyrosine-protein phosphatase|Tyrosine specific protein phosphatases,PTP_cat:IPR000242:91:340,PTP_cat
A7SAX4,NEMVEDRAFT_v1g209449,Nematostella vectensis,Eph LBD:12:195;Fibronectin type-III:324:432;Fibronectin type-III:433:525;Protein kinase:555:725,MKVWVYLVVDLLVFLYSSHAEKVPLANFMNGKKWRERWSDSGSSSWDLSRLELGACDDTSSSQPNGWVRSDVINTGPATRIELTATFTARDCSSFSGGSYCRHDFDVYAHQSETQYWGLAPDPNNSPPGTYSKIGTLNATKLWTSFVNKTQNVQTFSLILENSKPYVYLALHYNGGCLAVQSILVEYFRCADMTLPSTLVQLRATVAPANNSINVSGACAPNSKQVSGAGDLYGYCQSDGEWSSGLFSGECQCDAGHQNTTTGGGGAECQACHVGTYKAIAGDLGCTGCPNNSAAMETGSTGCTCVSGFYRKSGESNNNTCTGPPTAPTSLDTNFLNDSVVTLSWSLPNNTGGRSDVYYRVECFTCNGNSIVCVKACGGTVTQHGTSARVSGLSAFTYYMFRVYARNGVSDEAERGGQEAEFAKLVIQTHDAVPGKPEITAVEKVGLTHVRVIWKLLKPNGIITSYELKYHVTGKSANEKAVTINATRATVDIDRDKGYQFRVRARTRLGYGPFSDPVGLQAGQTSSSSSSPLVIATSVLGAVPVLVILLVAANLSVIKRLGSGNFGHVDKAMAYGIPGFPGQVTVAVKTLKASADEKDKTDFLAELNLMKSLRPHPHVVRLIGCCTRQAGELSSTNIEFQVANHLAIILEYLPYGDLLGYLRRSRGHEDWYCSGDLRPPSRLVSKDMVKFAWMIADGMAFLAANKDYINLDLYNDELYANFDAA,,Eph LBD|Fibronectin type-III|Fibronectin type-III|Protein kinase,Ephrin_rcpt_lig-bd_dom:IPR001090:12:195;Tyr-kin_ephrin_A/B_rcpt-like:IPR011641:263:301;FN3_dom:IPR003961:324:432;FN3_dom:IPR003961:433:525;Prot_kinase_dom:IPR000719:555:725,Ephrin_rcpt_lig-bd_dom|Tyr-kin_ephrin_A/B_rcpt-like|FN3_dom|FN3_dom|Prot_kinase_dom
A7SAX6,NEMVEDRAFT_v1g209451,Nematostella vectensis,Eph LBD:12:194;Fibronectin type-III:323:420;Fibronectin type-III:421:513;Protein kinase:491:866,MKVWVYLVVDLLVFLYSSHAERVLLANFMNGKPWRERWTSSASSSWDLSRSELGACDSSLSQPNGWVRSDVINTGPATRIELTATFDARDCSSFSVGSYCRHDFDVYAHQSETQYSGLAPDPNNSPPQTYSKMGTLNATKLWTSFGNKTQNVQTLSLILENSKPYVYLALHYKGGCLAVQSILVEYFRCMNMTLPSTLVQLGATVAPANNSINVSGACAPNSKQVSGAGDLYGYCQSDGEWSSGLFSGECQCEAGHQNTTTGGGGAECQACKVGTYKAVHGYFVCASCPDNSVAMEIGSTSCTCVRGFYRKANESISSACTGPPSPPTSLYKPFLNSSAIILSWSAPNNTGGRTDDDGSVCVEACGGTVAQQGTSARVSGLSAFTYYMFRVYARNGVSDEAEMGGQDAEFAKLVIRTRDAVPGKPEITAVEKVDLTLVRVSWKLLKHNGIITSYELKYHVTGKSANEKSVTINATRATVDIDRDKGYQFRVRAQTRLGYGPFSDAVSLQAGQTSSSSSSPLVIGTSVLGAVLVLVILLVSAQEEYDDIGETNPGLDAIYSCVGEDEAWEVPPQNLSVIKRLGSGNFGHVDKAMAIGIPGFPGQVTVAVKTLKYYLAIILEYLPYGDLLGYLRRSRGHEDWYCSGDLRPPSRLVSKDLVKFAWMIADGMAFLAANKCVHRDLAARNVLVGEHNTCKISDLGLARDVSQDIYTRTSSMVLWDSSLGDFYNCVVVPLSLAGQTGSSSSSPLVITTSVLGAVLVLAILLVAAQEEYEDMGETNPGLDTIYSCVGEDEAWEIPPQNLSVIKRLGSGNFGHVDKAMAIGIPGFPGQVTVAVKTLKSTAQKKDKTDFLTELNLMKSLRPHPHVVRLIGCCTRQTGELSSTISEFQVASNS,,Eph LBD|Fibronectin type-III|Fibronectin type-III|Protein kinase,Ephrin_rcpt_lig-bd_dom:IPR001090:12:194;Tyr-kin_ephrin_A/B_rcpt-like:IPR011641:262:301;FN3_dom:IPR003961:323:420;FN3_dom:IPR003961:421:513;Prot_kinase_dom:IPR000719:491:866,Ephrin_rcpt_lig-bd_dom|Tyr-kin_ephrin_A/B_rcpt-like|FN3_dom|FN3_dom|Prot_kinase_dom
A7SMI6,NEMVEDRAFT_v1g123777,Nematostella vectensis,Tyrosine-protein phosphatase:1:257;Tyrosine specific protein phosphatases:176:248;Tyrosine-protein phosphatase:306:542;Tyrosine specific protein phosphatases:461:533,FQSLSHLGPRATFEAAQTPYNKTKNRYPNILPYDHSRVVLRARKDSHGSDYINANFVDGYGCPQKYIAAQGPLTETIKDFWRLIWEKGCTTIVMLGDTEHKLRSDCERYWPEDGHQEYGDVAVSVVDVTHMTDWTVRTFLVWVRLHPECMDKREVTQFQFTAWPDQGVPENTAPLIIFHHKYRYHLSSEETGPILVHCGAGVGRTGTFIAIDSLMDQMMMEGVVDVYGFVAQMRTQRNFMVQTHEQYAFIYDVLRDASLCGITEIPSQEIASSLLVLRDNDPDIIRQRQDEFEVSLACVASVSVFSRNRERTRNMAAPKRSDNFSFVAVDTNRIRLSITNDIPCSEYINASYIDSYNEAHEYIATQAPMENTINEFWQMVWEQKCTAIVMLTELQDRGQIESELYWPRDGCVRYGKYIVTKIDEEELDDHTQRSMDSLLVYHFQYHNWSAHGMPPRMNGLVFLHEQVQKIQSTEDHGPTVVHCSDGAGRTGVFLALAISIERLEAEDTVDIFQTVRWLRSQRPALVGSIEQYSCCYQAVKSYLSWRTRATNDYCTA,,Tyrosine-protein phosphatase|Tyrosine specific protein phosphatases|Tyrosine-protein phosphatase|Tyrosine specific protein phosphatases,PTP_cat:IPR000242:1:259;PTP_cat:IPR000242:287:544,PTP_cat|PTP_cat
A7T5M5,NEMVEDRAFT_v1g146932,Nematostella vectensis,Protein kinase:35:158,MLPSNGQKMYIDPSNYGDPMEALMSIADEIDRDKIKLDRMIGGGEFAEVYEGRMKSESGLDKVAVKILKAGSSRKTRDDFLLEASVMGQFKHTNVIALKGVVTRSRPMMIVTEFMENGSLDHFLKSNDGRLTVFQLLGMARGVAAGMDYLSSINFIHR,,Protein kinase,Eph_TM:IPR027936:5:31;Prot_kinase_dom:IPR000719:35:158,Eph_TM|Prot_kinase_dom
A7T5P5,NEMVEDRAFT_v1g222678,Nematostella vectensis,Protein kinase:1:159,PLWVIVSLAENGNLLDYLHLHRKPNYQYHSYENIPTVSTEQPEEISYVQKLKFAHGIAQGMRHLEKHKRVSVNLTNKLFVDPSWSYGVLLWEIETQGTVPYAAMETGQDILSEVKRGYRLEQPPECDDKIYALMLDTWDPNPLNRPSFEVIVNRVEVLLTAVSGYLELEGGGSLNLTPYDEVNITGSSLNLYTPNGDVPGGNNNDNHSNVGYHDHDNGEARENTADDLYEPFVACRAMPKGEEDGVSGSAHDKEPALAGKDVCITLSPPAQEESLDEETRSMDIREQ,,Protein kinase,Prot_kinase_dom:IPR000719:1:159,Prot_kinase_dom
A7RLA3,NEMVEDRAFT_v1g160033,Nematostella vectensis,Tyrosine-protein phosphatase:1:185;Tyrosine specific protein phosphatases:102:176;Tyrosine-protein phosphatase:217:476;Tyrosine specific protein phosphatases:392:467,MVWQERCSVIVMLTGLIEGSKEKCHKYWPDTNQPKPYGQYTVSLCKNEAFADYTVRTFLVTVRLQQQRVGDEGLSAPSNEQRFIYQYHFTVWPDKGVPQYATAVLRFRKKIINESRHNTAPWIVHCSAGVGRTGAFIVIDAMLRQAKEKKVVDIYNYVRATRGDRPNMVQTKDQYVFIHRAVLEALVCGSTDIQAPNLRNVMTKLEKIRPREQVSGYESEFQRLSIFWLSPDVRVESASRACNASKNRFPDILPLDSHRVALHLSVDKDPGADYINASFAHAYRERNAFILTQAPLEDTIASFWRMVVDYDLGTIVMLNSLDEEDEHFPRYWPSQGAEEYGGIKVELQEEDDKSFFISRRFDITTKGKSTPQRICHFQVTNWSDHSVPDKPLDLLPLLNDIQTSQQKSGDKAIVVQCSDGVGRSGTLCAIMSVIERVKVEHVVDVFQAVKNLRISRPGAVETLEQYKFCYDVTLAYLDSFSTYGNFSNC,,Tyrosine-protein phosphatase|Tyrosine specific protein phosphatases|Tyrosine-protein phosphatase|Tyrosine specific protein phosphatases,PTP_cat:IPR000242:1:187;PTP_cat:IPR000242:216:478,PTP_cat|PTP_cat
A7RL50,NEMVEDRAFT_v1g179216,Nematostella vectensis,Protein kinase:116:387;SH3:381:438,MASTEEEKILDILRGVQLDQFHRQIVDRLHVTRVNHFDHVTEEDLDGLGMAKPAQRRLFEAIKKGKRRNLFGSFRRKVGDVDRGNKLLPEPSSYPKSPITTPAGPCLTCLITESSLVLYEMIGDGAFGYVRKGQWTTDTGTKVDVAVKCLKFSADAAFIQMQTDFIKEANSMALLDHPHIIRLFGIVLSTPMMLVTELAPLGCLLTALRNNRQRFMVSTLCDFMIQVASGMAYLESKRFIHRDLAARNVLLESNEKVKIGDFGLMRALSVEDDYYTMNPKGKVPFAWCPPEALKYRKFSHASDVWSFGICVIELFSYGEEPWPGLNGAQILAKVDMPLCERPLKPSHCPSLIYSLLVSLCWAHDPSNRAGFSELKKSLEQVRPHDVRAVHGYDSKSPQNLCFEEGDKITLIEASADTSWWRGQNKKTGRVGMFPAELV,,Protein kinase|SH3,TNK-like_SAM:IPR049587:5:66;Prot_kinase_dom:IPR000719:116:387;SH3_domain:IPR001452:381:438,TNK-like_SAM|Prot_kinase_dom|SH3_domain
A7SE14,NEMVEDRAFT_v1g210816,Nematostella vectensis,Protein kinase:12:303,MDPQWTVPRERIHIMKVIGNGAFGQVHKGRVHGLGTNSPGWTLVAIKSPYADASDAETRDLMKEFELLKRLKSHPHVIKLLGCGEDDGRPLVIIEYVPHGDLLGYLRKSRGEEDSYYPDPEIKPKTSLSSQQLVRFAWQVADGMQYLSSQKIIHRDLAARNILVGEGEVCKVTDFGMAKDVQNEDIYIRTTEGRLPVKWTAIEALIGGGEYTTQSDVWSFGVVLYEICTIGGEPYPGIAGKDIPEYLEAGYRMSCPTHLDATLYEIMASCWATCPDMRPTFTSLEKLLNTLEAVQSKVEQRFLMVVSNQKS,,Protein kinase,Prot_kinase_dom:IPR000719:12:303,Prot_kinase_dom
A7SZN9,NEMVEDRAFT_v1g1620,Nematostella vectensis,Protein kinase:7:283,QIPREAVELGRTLGEGEFGKVIEGNVTEPDGTRVHCAVKKLKRTATESDWKDLLNELDIMVQVGEHPNIVNLIGACSDPEGPLMVIVEFCGNGNLLHYLQKNSNKNYSNLHEYVLTIPARERLRIAADVASGMAHLEKMRCVHRDLAARNVLLDEALTAKVSDFGLSRDIYTNSVYEKTTGGKLPAKWMAIESIEAGLYTSHSDAWSFGVLLWEIETGGCIPYPTFTVQEMLNSLKKGYRLEKPPYCLEPLYTLMLSCWSADPALRPHFVEICARLKQLHDVT,,Protein kinase,Prot_kinase_dom:IPR000719:7:283,Prot_kinase_dom
A7RFY7,NEMVEDRAFT_v1g196615,Nematostella vectensis,Protein kinase:1:220,MWRGTIPVAVKMMKDGAMSEEDFIEEAKVMKQFQHGNLVQLYGICSEKPIYIIQELMKGGCLLHYLRKSQFKLQSAEMTEMVRQVAAAMKYLESHNFIHRDLAARNCLIGENRTVKVADFGLARYVIDDEYTASEGTKFPIKWAAPEVILYSKFSSKSDVWAFGILAWEVYTGGKQPYPATNNTDVVQMVINGYRLEKPLRCPDAAYSTMRKCWHEVFQE,,Protein kinase,Prot_kinase_dom:IPR000719:1:220,Prot_kinase_dom
A7RGV3,NEMVEDRAFT_v1g158493,Nematostella vectensis,Protein kinase:1:231,MMTEMDILKHVGRHPNVVSLVGACTLDEPLFVVIEFVEGGDLRDLLLKSRMSRNKWASSSYENLRSRLNERQLLFLALGVARGMAHLEEKQCIHRDLAARNVLVGLGLVAKVADFGLARHVTTDGLYIVSAQTKLPWKWMAPESLRGLYTTKSDVWSFGVVLWEIATLGETPYPNEVSIMKLLQHLIDGHRMSKPPYCDEEIYKLMLECWQLDPATRPSFKEIERTLKKLLEEAYRTYVNVSPVEDEIAV,,Protein kinase,Prot_kinase_dom:IPR000719:1:231,Prot_kinase_dom
A7T8K3,NEMVEDRAFT_v1g223830,Nematostella vectensis,SH2:270:361,MFKKGKKKKQEKATKENGKIADGSNESKAYTKGAPKNSSDQTDGFDKDGFVDLQPIASNVTILGPRQSCKASRDIADTYVGTFAVISSADGRKSLRTHKERTSYMKEHLKNYRSTTNGVAVLVQVSDDGIKVLSSDGKHMTFIVLLDSLYPGNMRAETPTMVGGGAKVEYLGSPSEEEAVQRLNDHQNEYWYMPGIPRMNIGTCQAFQGMYIVYDYQNVYCYKPGIPRYDIVYDYQNECWYKPGIPRMNISTCQALQGMYIVYDYQNECWYMPGIPREFIMEMLQASEEGSFFVRDSQSKPGCHALTVRVPTEVHASGFGNYLITPIPEGVKLEGFSRTFTDLVSLIEYYSYHADGLPCRLLLGGSNILCNDDENNDYTNSVPLDPDYRLMSDFHSMMEELK,,SH2,SH2:IPR000980:268:361,SH2
A7SGK1,NEMVEDRAFT_v1g117570,Nematostella vectensis,Protein kinase:1:151,LTGHATEREYRDLFNELSIMGQVGFHPNVVNLIGACTVDGPLWVIVSLAENGNLLDYLHLHRKPNFQDHSYENIPTVSTEQPEEISYVQKLKFAHGIAQGMRHLEKHKCVHRDLAARNVLLGRSLEPIVSDFGLSRDIYESGMYEDLRGVS,,Protein kinase,Prot_kinase_dom:IPR000719:1:151,Prot_kinase_dom
A7RI09,NEMVEDRAFT_v1g82385,Nematostella vectensis,Tyrosine-protein phosphatase:31:291;Tyrosine specific protein phosphatases:210:282,SEEPVVPNMDISTGHVVLSYMEDHLSNKNRLNKEWEALCNYEAEPSVADLGKQDKNVRKNRYSDVLPYDHNRVSLRETANATGSDYINASFITDHDPRNPAYIATQGPLAHTVSDFWQMVWEQGVVVIVNLTRLSDLGLPQCHRYWPEDGHETYHIYEVHLVSEHIWCDDYLVRSFYLKNLQTSETRTVTQFHFLSWPDLNVPTTPKPLLEFRRKVNKCFRGRSCPIVVHCSGGVGRTGCYILIDLVLNKMMRGAKEIDIAATVEHLRDQRPHMVKTKAQFEFALTAVAEEVNAILQALAK,,Tyrosine-protein phosphatase|Tyrosine specific protein phosphatases,PTP_cat:IPR000242:30:293,PTP_cat
A7SVX1,NEMVEDRAFT_v1g134557,Nematostella vectensis,Protein kinase:12:280,MDPQWAIPREKISILKVIGNGAFGLVYKGRVHGLGTNRPGWNLVAIKSPYADASDRETRDLMKEFELLKTLKPHPHVIKMLGCGEDDGMLHKTGGGLCRGEEDDYYSDPEIKPKTSLSSQQLIRFAWQVADGMEYLSSQKIIHRDLAARNILVGEGEVCKVADFGMAKDVSNEDIYIRTTEGRLPVKWTAVEALIGGGEYTTLSDVWSFGVVLYEICTIGGEPYPGIAGKDIPDCLETGYRMPCPTHVDATLYQVMASCWATCPDDRPTFASLQKLLNTLEAVQSKVSHVICLCRII,,Protein kinase,Prot_kinase_dom:IPR000719:12:280,Prot_kinase_dom
A7T7Z4,NEMVEDRAFT_v1g149546,Nematostella vectensis,Protein kinase:59:211,METANAHAPRRTPSTSSTSSAVALLRQRSLRNRLDSRLTHLNEVEIEYDEEWEFDRTYLVIREVLGEGAFGKVMRAEAFGLHGNSACTTVAVKMLKEDATEQELFDLVSEMEVMKSIGKHINIINLLGTCTQHGPLFVLVEYARWGNLRQFLRDRRPVKDYDDVMEPAETLTLLNLMTFCYQIAKGMEYLASRKCIHRDLAARNILVADDN,,Protein kinase,Prot_kinase_dom:IPR000719:59:211,Prot_kinase_dom
A7TCF9,NEMVEDRAFT_v1g7031,Nematostella vectensis,Tyrosine-protein phosphatase:1:186,PENKIKNRYGNIVTYDHTRVVLKGPGGNRDGRSDYINASYLQGFDGTPKKYIAAQGPVEPSCDDFWQMVWQERCSVIVMLTGLIEGNKEKCHKYWPDTNQPKPYGQYTVSLCKNEAFADYTVRTFLVTVRLQQQRVGDEGLRFIYQYHFTVWPDKGVPQYATAVLRFRKKIINESRHNTAPWIVHC,,Tyrosine-protein phosphatase,PTP_cat:IPR000242:1:186,PTP_cat
A7RG70,NEMVEDRAFT_v1g80887,Nematostella vectensis,PID:1:129,FYGVTEVAEAKGTEVIKEAITKVQFANHIKKSEAGTKASKLRKVDLKINIDGVSIEDSKSKEVLHSYPLHHISYCADDKRNKRVFAFIAKDKTSPKHTCYVFEAERLAEELTLTVGQAFDLAYRRFLERKG,,PID,PTB/PI_dom:IPR006020:1:131,PTB/PI_dom
A7SQ18,NEMVEDRAFT_v1g246683,Nematostella vectensis,Tyrosine-protein phosphatase:1:44;Tyrosine specific protein phosphatases:1:35;Tyrosine-protein phosphatase:76:302;Tyrosine specific protein phosphatases:218:293,MLDRVNAESSLDIFNYVAYLRTRRTAMVQTEEQYTFCHDAVLEAIQCGNTQILAHDLRITLSRMEDVDKELKMTRFDSEFKTLNKVSPILPKACYIVASYPENKDKNRYSDILASDFSRVVLTAIDDNEITTYINAVHISDFPQFWPEVGKETYDMISVECSDERSSSVDNLRASYDQSEIAQLRFNVKDLRTPENLHKIKMFVVSGWTSEDETPPTSSIITLIAKVERWQQQSGNGPITVVCSDGIGRSGTFSALYSVLERVKIEQVIDVLQAIKAMRIPRPGLVKTTAEYKFIHYAVQEYLAAFDDYANFK,,Tyrosine specific protein phosphatases|Tyrosine-protein phosphatase|Tyrosine specific protein phosphatases,PTP_cat:IPR000242:1:44;PTP_cat:IPR000242:75:304,PTP_cat|PTP_cat
A7SG67,NEMVEDRAFT_v1g211793,Nematostella vectensis,Protein kinase:225:367,MSFYSLPLPQTHIHQHHLALPYDCKYIIKVKLVDYQACTIGFLESIIKTVYIPPTLLPTTKRALRTDPPTISAMTSPRMPLFTDVTARATQGSDGDSDALIAVAVMMPPITIAVIVAILFFWYKRRHKHAEDLQHSPSGLRRLADFTSDIENHVYHRNLDQTSNSIFCDENPVLFPCNSSRLVVSLPTKGTGSGLELNPAYLEQRIQEAIVIGEADQYEFGFHRLDIGGQIGTGAFGTVFVADAYDIHGNEGPTTVAVKILKDNAREDEKEDFKAEINFMKSFGEHENVIRIMGCCTLYEPLCLIVEYVPHGKRYCYLRDLGLKRLKEKGIVISETLGKRNCYLRDLRKKELLSQRLKEKGIVISEN,,Protein kinase,Prot_kinase_dom:IPR000719:225:367,Prot_kinase_dom
A7SZ90,NEMVEDRAFT_v1g138872,Nematostella vectensis,Tyrosine-protein phosphatase:1:242;Tyrosine specific protein phosphatases:159:233,PSEAAKKRVNKAKNRYANIVTYDHSRVVLEKLSNDPHSDYINASYLRDYDGSPKAYIATQGNICINAGDFWRMMWQERRCVIVMLTGLIEGHKKKCHQYWPDSTSKYCNLRVTLRKTEVFADYIIRTFVMSQVGQTEERYVYQYHFTVWPDKGVPQYATAVLGLRRKITKDSLPGARPWVIHCSAGVGRTGAFLVIDAMLRQAKKQKTVDIFNYVKAIREDRPHMVQTSEQYVFIHLAVLEA,,Tyrosine-protein phosphatase|Tyrosine specific protein phosphatases,PTP_cat:IPR000242:1:242,PTP_cat
A7T428,NEMVEDRAFT_v1g6933,Nematostella vectensis,SH2:16:111;SOCS box:106:149,EYYFIRDLLEITNCPWYWGKINRFEAERVLDGLPDGTFLLRDSAQYQYLFSVSFRRYFRTYHARIEQWKHRYSFDKPSDYSFCSKTLHELLQHYSQAEQCMYYEPLLLNALPRKNTLPLQHLCRATICKNVSFQDVDELPIPKSLQTFL,,SH2|SOCS box,SH2:IPR000980:14:111;SOCS_box:IPR001496:106:149,SH2|SOCS_box
A7S084,NEMVEDRAFT_v1g241935,Nematostella vectensis,SH2:608:706,MGLLDEIQKLPLDCQAEIMTSLQNHFPDSIELEAYTYLLVWAEIQPWDLAKDVDIPEHVALAERLLAITIEQLQGLEKQFQESPGNFQGMMTVPKIKEIYTKLQVTHRSEPTKFCKAFGAIDYYLKAVVKQFINRLLNGDSSTMDQGCDMDTEQAPDNFTLIQRELHQADVQYQENNKIMKTIEQAKEQFTILFEEKKTEMDLLELQKQEVMESSMSEKDKEKNVLELSQKTLALQTELSNKGRQLTVEMRLNMVQNLDKHLHHLYKISASLGVEIDQWKEKQQKALSGWPQPQVLEPLQNLCEPLAELLWRLYQHCKKVDEMFKPALQKSQEELNRMQNLIKSSKTLLSIFLNKCFVIEKHAPQILKIGTKFCATLRHLIGGKLNAHVHPPEVECFIVPEKFLQKNKDKIVRSILGKSTILNYKKAMEYSQRYNSFSVEFKNLNLTKTDREGGKKDETVCEKKRSLLFYTELTIGQDRFPLLATSFPCVVTVHGNQSPDAEATILWDNAFAEKGRVPFVVPDSMPWPEVANAINHRWMLSNERGLSDEQLAYIGSKLFPDKSRSEMSNCVVSRYMLNKGNMTNKNFTFWKWFYEIMSAVKKTMHEEWKHGLIQGFLSKQQAQDMLINSEFGTFLLRFSDNELGGVSVAYTAQAENGEKQVWNLAPWTTHHLQVRHLSDRLKDLESLLILYPNEPKDTAFGRHYTVDKTQVPSDPLEYRPTQLATKVIGADGSCTPVQQPRVQMDLMSQYSADTYPGSPADSLASQMLDADFGIGGEEIVESFGEVDAAMMISGVNNLMGFGGPQDFMNNIFENQCSIAPLSDVPSPGPNNSN,,SH2,STAT_TF_alpha:IPR013800:166:327;STAT_TF_DNA-bd:IPR013801:361:492;STAT_linker:IPR048988:515:593;SH2:IPR000980:608:706,STAT_TF_alpha|STAT_TF_DNA-bd|STAT_linker|SH2
A7T185,NEMVEDRAFT_v1g248472,Nematostella vectensis,Calponin-homology (CH):19:135;DH:214:459;Phorbol-ester/DAG-type:482:547;SH2:660:750,MAASRMRTASALSSSGRDVEEWKMARDWMISIGVLPAHGRVTDPNFTLFDFAQSLRDGVLLCQVANVLHPGAVVDVGMKPQMSQFMCLKNIRNFLTACTRLFNLADGDLFDANELYDVSDFGKVVNTLSKLSHLPESLHRGFEPFPPNTNKFAAYQDEDIYSNLEEIALSRDITEEENPYDVVTIEEEGDKIYEDLCAVNYIPKPSRQSSQEEKRKYIVAEIIETEKGYVEALRMIVHNFINDPRVKNTLNAEDKELIFINIEELHKMHSKFVFKLEDACNRMDGVNISKLFLDCRDDFLKYGNYCARMPDAQVHELHKMHSKFVFKLEDACNRMDGVNISKLFLDCRDDFLKYGNYCARMPDAQVHIDELSRRDAKFKDILEECQKRANSKFTLRSLLVVPFQRVLKYPLLLSIVPGILIDLFLQELYKQTKPTHQDKQGLEKALCALQDVATYINQVKRDDENMKTVKDIQNSLTSGVFLHGWSMRGETMEAERNSCSMFTKTADMKDKWITEIKRAMGLVNQGYKCVICDASCHQGCILKCPECRGNRRPNKSFTGVSPFMPRSPISLASISPERQRKVSAPPRMGTDAQVVVAIQNFHGIAPSGRSSLNMVIGDEGLSIRTGTTGYFPRSHVTSTENADAGNKQNQGLSIRTGTTGFAGKMDRTEAEQETMGRSDGTFLVRESANRAGEYALSVRFRNATKHIKIPYEDGTFCLTQSKVFDSIPELVAYYRENTLGVSFTGLDTTLRCGLNEDQDNREVGWRTEVSWRTEVSWRTEVGWRTEVGWRTEVSWRTEVSWRTEVNWRTEINWRTEVSGRTEVGWRTERLVGVQRLVGVQRLVGVQRLVGVQRYWLGDSFVPIPGEERQGNINTEKFENFNSKQRRFLVERRVRWTDWVFPVQLCEGVATYLYIYRIDANGDQVPKCAGIRQGFKPAVDTGCSVANSRTFLGNKKDLNQTQPSPLAHRTQASHPRRCHRGHLT,,Calponin-homology (CH)|DH|Phorbol-ester/DAG-type|SH2,CH_dom:IPR001715:19:135;DH_dom:IPR000219:214:459;PKC_DAG/PE:IPR002219:482:547;SH2:IPR000980:658:750,CH_dom|DH_dom|PKC_DAG/PE|SH2
A7S014,NEMVEDRAFT_v1g54859,Nematostella vectensis,PID:21:147,RIPESHRPQVWENDSYKVRNGGVSFPVKYVGAIEVTESRGTQVCAEAFRKMREAGVHKKKRMNLLVTSDCIRVVDEETKSLTIDQTIEKVSFCTPDPSDDRVFSYICREGTTRRWMCHCFIAIRDTGERLSHAVGCAFTACLQRKQK,,PID,PTB/PI_dom:IPR006020:20:147,PTB/PI_dom
A7SJB4,NEMVEDRAFT_v1g190378,Nematostella vectensis,SH2:1:75;PH:119:220;C2:217:332;Ras-GAP:388:582,MRDGAVGSFMIRPSDKSPGDYSLSLRYQDGVTRFLIRRQGQQYTMGGRVFCSIDDVVKRYKHEHIVEGLSLNEPVLRPSVLEIPNRPTTPSNRCSDQMDGFTFPPQTSGQVSIINTSQQASKRGYLVKKGHRNKWKRMFCVLDADEQRLSFFENEKRTKPKMLLDLTFSTVYAVLESFFGRPNCFQVVVRALGESRMTYLCADTPDLANEWMDAVQKICGKSKSLDVIDVDVKQLRSLELNVIEAHKLPLNKVSHPYCMVSLNEVKTCRTKTFEGQTPLWNEEFKFNDLPSDVSSFTLSLYNKSWRTKDVLIGHVLVPLNKLPKGQTVDDWYPLAAASHGKAEVGNVRIRVKFTHEIIMPVEEYEALKEILLDEDLVAVTALGQVCKDRVVLASTLLKIFRHEKQEIFLLKTMNAREIEKQDEQATLFRGASLATSLMDQYMKMVAIPYLQHTIKDVILKILECKQSCELNPAKMEKGADTVVNLKQLLEFLFEAIDAIFTSAEECPKTLRYLFGCLQQNVKDKWADNQTVRTRVVSGFLFLRLFCPAIMNPKTCNLMSELPSATAARTLTLVAKCLQKLANLVEFGAKESCMTPVNPFMQKNRERMVSFMDELSDVRECPKTHEQVSSDPARDLASLHDLCIVYENELKQLSTTQTDLKKLVSVIEALRRREQQYVQESR,,SH2|PH|C2|Ras-GAP,SH2:IPR000980:1:75;PH_domain:IPR001849:119:222;C2_dom:IPR000008:217:334;RasGAP_dom:IPR001936:339:680,SH2|PH_domain|C2_dom|RasGAP_dom
A7SFZ0,NEMVEDRAFT_v1g211681,Nematostella vectensis,PID:29:156,MFLSSKRVHKGLQQLNQDGIDDKDRVLAGAEFPTQYVGSIEVSGFSGTGSGKTKTAVEYVFQRSKQGKKAKRMIMTVSYQTLSVKTYEGKLVASFPISKVTFCNVDSKYEKAFVFVARDDPDSPFKAYVFMCETKAKAMELFKLVSLAFSVNYELYQASLVRQANLKADARHGITPCNGKMPLESENRMRFQNHDTAGTIVFDQSAFQISSDEVSLSAVPKRFTEDVTRARSHTDPHAYPNYNQNSIASKNDDDFEAEFTQLAKSRSNTASNVHQVSSQPWGLQFG,,PID,PTB/PI_dom:IPR006020:27:162,PTB/PI_dom
A7RHT6,NEMVEDRAFT_v1g178063,Nematostella vectensis,Tyrosine-protein phosphatase:1:120;Tyrosine specific protein phosphatases:30:111,MPTKQQRTVYHVQFTDWPDHRVPDDPTSFLEFLDQVESLRQRTSTTRSSVHESKPPVLVHCTAGVGRTGVIILTDLMIACIQNNKRINIHHALVRLRRQRMLLVANFGQYRFVYSTVIHYIKNSRLI,,Tyrosine-protein phosphatase|Tyrosine specific protein phosphatases,PTP_cat:IPR000242:1:120,PTP_cat
A7SKN8,NEMVEDRAFT_v1g121810,Nematostella vectensis,SH2:16:111;SOCS box:106:155,EYYFIRDLLEITNCPWYWGKINRFEAERVLDGLPDGTFLLRDSAQYQYLFSVSFRRYFRTYHARIEQWKHRYSFDKPSDYSFCSKTLHELLQHYSQAEQCMYYEPLLLNALPRKNTLPLQHLCRATICKNVSFQDVDELPIPKSLQTFLREYHYK,,SH2|SOCS box,SH2:IPR000980:14:111;SOCS_box:IPR001496:106:155,SH2|SOCS_box
A7SI50,NEMVEDRAFT_v1g29235,Nematostella vectensis,Protein kinase:1:79,KFSTKSDVWSYGIFMWELFSFGRVPYPRVPLSDVVAKVEKGYRMESPDGCPPEVYQIMRDSWEMNPNARPTFGDIHRRL,,Protein kinase,Prot_kinase_dom:IPR000719:1:79,Prot_kinase_dom
A7S6K5,NEMVEDRAFT_v1g106463,Nematostella vectensis,Protein kinase:7:255,EYPRDSVVVVKVIGKGAFGLVAKGIVQLSGKNEGSVVALKMLRKNATEDDHKDFMAELELMKSLEHHANVIALYGYVTESEPEMMIIEFVAHGDLLGYLRKSRGLQDTYFDDPDLAPVSSLTTQQLFTYAWHVANGMEFLASKKVIHRDLAARNVLVGEGQMCKITDFGLARNVHNDNIYTRTSRGRLPVKWTAYESLLYGTCTTMSDVWSYGVVLYEIFTIGGSPYPGKDGKAVVELLQDGYRMPKPDHLNESL,,Protein kinase,Prot_kinase_dom:IPR000719:7:255,Prot_kinase_dom
A7T7X3,NEMVEDRAFT_v1g149495,Nematostella vectensis,Protein kinase:1:189;Guanylate cyclase:264:394,DLLGNDSIKLDWMFRQSFANDIATGMEAIHNSPIQAHGNLKSSNCLIDSRWACKITDYGLDLLRANQTPKDIGEFAVYRNLFWTVPELLPLADGFKDHKNKTQAGDVYSYGIVLYEIITRDEPYSTNTDTLSSKDVIELVRKRQEPAFRPQFSKFMEEKSGHKMVQVTQDCWDNDAQKRPTFSAIKKKLKANGMGKNLNIVDNMITMMAKYTDQLEDIVEERTKQLAEEKAKTDELLYKMLPRPIADELKKGNPVSAESFQSVTIFFSDIVGFTSVAAQSTPLQVVDLLNQLYTRFDKVVDEHDVYKVETIGDAYMVVSGLPVRNGERHAGEVASMALNLLSEVRDFQIPHIPSRKVQLRIGIHSGSCVAGVVGLKMPRYCLFGDTVNYASRMESSGLALRIHVSPECKEVLDRLGGYHLDERGPVTMKVG,,Protein kinase|Guanylate cyclase,Prot_kinase_dom:IPR000719:1:189;A/G_cyclase:IPR001054:228:429,Prot_kinase_dom|A/G_cyclase
A7RS70,NEMVEDRAFT_v1g162155,Nematostella vectensis,CRAL-TRIO:83:243;Tyrosine-protein phosphatase:327:597;Tyrosine specific protein phosphatases:504:588,MKERQTSMAEIQPYSEQELEAIKAFLTEVNNERSEFGLSPVGTTTAVKFLTARKFDIDRALLLYKSYLEKCRVYCINDMSPYEDPLRQELLSGKFTILGRKRTTGDAINPLAVTTPSDKVSRPSNKVLTGMVFQLEQAIKSPLTQRSGLVLLYDMSNSSYKNFDFDLSQKILELLKGGYPARLKSVFIISPPLWFKAVLLILSSFLREKIRERIEILSIEQLQDRLPIGTIPKSLGGKLNVDHFSWLNQCMAAYSEKVGANEEPPPPPPPPRATTQTSSTNQTPSQTEVLPQGSRAVVAEDYPKFGEPAMRIMEFLAHVKGLGRRGIRRQYLELRNMPVEGTFLRTKLRANLRKNRYTDVLCVEETRVPLSPVDEDDCSDYIHANFTDGYRQHKAFIATQGPLPNTTSDFWRMVWEQGAMVIVMITRCMERGRVKCRRYWPEDGDCDDHVDLRVQHVETQEYEDHVERIFTIDHVQTGQSRTIIHFQMTSWPDFGVPSSAESCLHILGLVRQAQASAVLAMGPSWKGHPSGPPIVVHCSAGIGRTGTFCTLDINVSRLQHEGVCEIVNTVKYLRTQRAHMIQTPEQYEFCHLAVLEFALSLPSINGEDKQRIKEFLHAWRSTRDDDSESD,,CRAL-TRIO|Tyrosine-protein phosphatase|Tyrosine specific protein phosphatases,CRAL-TRIO_dom:IPR001251:83:243;PTP_cat:IPR000242:326:599,CRAL-TRIO_dom|PTP_cat
A7RVT8,NEMVEDRAFT_v1g94997,Nematostella vectensis,Protein kinase:27:315,LDPDRSLLEQCNDLPYDHDFEFPEERLVLGKSLGQGAFGQVLRAEAIGMSAFKPRDKAPEAVKMRDKFRRSFRKKGADESDYKDLASELKILIHVGEHKNIVNVLGACTRGRRLMVIIEFAPYGNLLSFLRARREVFEPTWTKTNPDPEAEYTLVDTSMASYQISKGMEFLARKKCVHRDLAARNVLVGPDYVMKVSDFGLARDIYQDDLYVKTTSGLLPVKWMAPESLFDRVYTEKTDVWSFGILLWEIMTLGGTPYPGLPTEQLLDYLSEGQRMAQPQNCPLEIYTIMRDCWMQLPDQRPHFGTLVERLGNVLERN,,Protein kinase,Prot_kinase_dom:IPR000719:27:315,Prot_kinase_dom
A7SYB5,NEMVEDRAFT_v1g194745,Nematostella vectensis,Protein kinase:26:277,MKKSSGYHNQFKAVQSQTFELKMENLSLGKELGHGNFGSVLKGTYKMPNGERIPVAVKSLKSDDINNPKSEILHEARVMMELDHPYIVRIIGMCQGPSMMLVMELAGEGPLNKYLKKNKGMPLLNILVLMLQVAEGMQYLESLQFVHRDLAARNVLVVNDSFVKISDFGMSRAMGAGSDYYKAGTAGRWPLKWYAPECIYFRKFSSKSDVWSYGITLWEATSYGARPYQSLSGQAILEKIESGYRLPAPAKLPSCVYQLMKDCWQWEQDDRPSFMQI,,Protein kinase,Prot_kinase_dom:IPR000719:26:277,Prot_kinase_dom
A7RRM1,NEMVEDRAFT_v1g91231,Nematostella vectensis,SH2:4:114,SEFWYKPKITRDQAINVLKDKEPGLFVVRDSQSFPGAYGLAVKVAIPPPHVLQGDLTKVDLANEKIRHFLIESTKKGVKLKGCDNEPVFGSLAAFVFQHTITPLSLPLRLVIPNEGTWPRRCFSLTFMYAVNVVSFFLAMKVMFVGESNVEMLSGSTAVQRTVEDLLKYKATPRFTPASFKVTREGVTITDLERKVFFRKHFPMTSILHCGIDPLDQRWDLHLPDYTGKSRTFGMVVRRIGEAGNDCHLFAEVDDDHSVNTVINLVNKYISNPS,,SH2,SH2:IPR000980:2:114;PTB:IPR013625:141:268,SH2|PTB
A7SAX7,NEMVEDRAFT_v1g111628,Nematostella vectensis,Protein kinase:1:140,LQCVHRDLAARNVLVGEHNTCKISDLGLARDVSQDIYTRTSSARLPVKWMPPESLLYGQSSSASDVWSYGIVLWEIFTIGDSPYPGVGNDYIPRMLREGYRMPKPLHVGDALYSVMLRCWQEDPDERPTFDELRDNMQALQQDEKVG,,Protein kinase,Prot_kinase_dom:IPR000719:1:140,Prot_kinase_dom
A7RRM0,NEMVEDRAFT_v1g91247,Nematostella vectensis,Phosphatase tensin-type:8:180;Tyrosine-protein phosphatase:62:179;Tyrosine specific protein phosphatases:92:169;C2 tensin-type:185:310,MISYRGRVRHVDHEFDLDLTYITERIIAMSFPGTGLESTYRNNLRDVAKMLQRKHQDKYMVFNLSERRYDISKLNHQVLDFGWPDHLAPPLERLCSIIKSIDSWLKTDPQHVVVVHCKGGKGRTGVVISAYMHFSKMCSSPEAALDWFAIKRFYDDKLGGVTQPSQRRYVHYFSDYLEGKIKLSSEPMFLHHVIVHGIPNFDSKGGCKPFLRVYDGLKLVYTSGVFLVTQDMERVCITIEGGLILHGDVLIKCYHKNTLSSVRDIIFRCQFHTGAIKDCVLVLDKTDLDEAHRDKRFPDNCKVEFVFSATGSFVAGT,,Phosphatase tensin-type|Tyrosine-protein phosphatase|Tyrosine specific protein phosphatases|C2 tensin-type,PTP_cat:IPR000242:54:179;Tensin_C2-dom:IPR014020:183:310,PTP_cat|Tensin_C2-dom
B2WR85,,Nematostella vectensis,Ig-like:35:125;Ig-like:141:234;Ig-like:243:359;Protein kinase:496:782,MFSQGARRFTGGVLLAALLALITERSTAEPTCSVPMFRGAPANSTIQAAGTDVKLVCQVLDQKDVFTDYIWYKDGKKMSVSHSSRMRIKRLRYLKIKNLDKEDSGRYTCVAKRPCGEISANITLTVDSPTLHPGNQTRAPPTFTVSKLKREKTLIAMPVGNSLKLDCSADGKPRPTVVWLKNGKPFLKRDGVELSLRPYQYVLSMRDAVPSDDGRYTCNVSNALGWINHTYTVDVRERVRAKPVLQPIANVTVLSGENATLECKAMSDSMPHFQWIRWFTARVNGSSNETTLRFEVVKQTPHSDHILRPKSEHRFAFHGVKLTLFNVSKEDEGKYTCLVGNAVGYNAENGYLIVKDQFSTTSTVIDTQAELTITPHMIEATRPRNDGVTKKIVIIVVVVSVIALVIFIFIAYGCYVKHKMGPKTKQNIQYTTANIEPASPFQRNHSMRTSTSSYGSTVPLLARERSMRSRLGSNLSQVSEIELPLDEEWELDRSQISLLGILGEGAFGRVVKADAIGLPNMPYRCNVAVKMLKEDATEHELADLVSEMEVMKTIGQHVNIINLIGACTQKGPLFVVVEYASQGNLRQFLRARRPIPEYANPLTEPPREKLKLVDLVSFSYQVARGMEYLESKKCIHRDLAARNVLVSDNHVIKIADFGLARDIHDIDYYRKTTDGRLPVKWMALEALFDRVYTAQSDVWAYGILMWEIVTFGGSPYPGIPLWKLFELLKEGYRMEQPVNCQDDVYALMLRCWHENPNQRPTFAEIVKEMDAKLTALSEQEYLDLTSPLSNPVAPIETPPSSESSPTPRESLSSSVFESTDNIWTSMNNHEPKHGPHCRGSHTTNVDTNEVTYSCSCRENTDQRDSGVGLEGSSREVVIEGKKSVYFRPALQSDV,,Ig-like|Ig-like|Ig-like|Protein kinase,Ig_sub2:IPR003598:48:116;Ig_sub2:IPR003598:158:225;Ig_sub2:IPR003598:254:344;Prot_kinase_dom:IPR000719:496:782,Ig_sub2|Ig_sub2|Ig_sub2|Prot_kinase_dom
A7RNP0,NEMVEDRAFT_v1g88020,Nematostella vectensis,Ig-like:1:90;Ig-like:102:189;Ig-like:205:281;Fibronectin type-III:288:378;Fibronectin type-III:383:476;Fibronectin type-III:480:571;Fibronectin type-III:576:670;Fibronectin type-III:675:777;Fibronectin type-III:885:981;Fibronectin type-III:985:1073;Tyrosine-protein phosphatase:1320:1575;Tyrosine specific protein phosphatases:1495:1566;Tyrosine-protein phosphatase:1606:1865;Tyrosine specific protein phosphatases:1783:1856,PTVTLTPKDFAGVTRGFVYMICNVTGSPMPTLTWYKNGSVIRNSRIQIFTMPYGGLIRIGPLRAKIHKATYECEADNGVGPPLRDSSTLIVHTASTKPAGFPRIAKHPSFKQRRSGDDVTFTCAAVGTPTPNITWFKDRLPIVLNDPRVSVLSDGRKLRITDLRESDNGKYSCVARNALGMVFSSQAMPARLFIYLTLSVVRSKPEFTLRPQDKTVDPDTDVELKCSARGSPTPSIVWEVDGSRISGQNGELIIRGIQRSGNYSCIADSNMGRVQAYAYVTVRLLPFAPSRPNAASITSDAIKITWHPRGAHVVTSYEVQYRLKGKTEWQEITNVRGMQSLVVSGLRPFSSYEFRVFAVNSLGRSRPSLMAEYTTSETKPGSAPRNIEAMGVSDTSFKAGWLPPISANGRIRGYRLYYSLDLLEDISQWRFMASSTNSTTVTGLTRQTTHFFRILAYNIAGDGPLSEVVAVKTQKGVPGQPRSVQLSVLSSTAIRVTWSPPRYPGDGIFGYDVYYNKSKQDMDTVIGAFQMNTKEIMGLTPYTVYKVAVAAKSDKGVGPMSFVLTARTDEDRPSDAPQNIQGRSRDSTTLEISWDPPRPEHRNGLITHFTIKYRAKGQRGAKYLTVDATKTSVVLHNLDKFTNYFIWVQASTKQGDGPFSDKHTVSTAEDVPNGAPRDVRIRVHNSTTMTVKWNPPTTKQDGKILGYMVFYTRVDDQGNQLRPPAQPESKDSMSEENHKVHLTGLAPETTYQIEVAAYTIKGDGARSVTRLAKTMAQSPDPPFVYLERASGDPISDVTLAWRTSATGVIEYKVRYAKSVRRLRGRDQGNLKMKEIKFKSHTTKQKFQSLANGIWYLFNVSLRTKAGWSPETSRWIEIPPGPPSGPPLNVRAVAVSSTSVEVTWSAPDIWNRGGPILGYSVMYNPANKRGDVTVKNVTSPNIFKVVLKRLKKFREYEVRVRAIGMLGMGPASEPFIDRTKEDGKCHCRDVRPRTVGSDWVILEWLPPRIDAGIDTPLTHADEVRVDALTADVQTFKVQGLVPHMKYTVRLSASNAMGEGPRAELSISTKKGKPPALAKPTMLRDEMNNGLIPVELHRASEKNGPISYYLVVVVPLDKDGKYPQGSNPDEYFKKVRRRSAREAGQVKPYIAAKFLADQFPKKFLVGDEGFKNQYGYYNKRLVANSYYTVFSRAYVQTDDGDFVYTSSPFTDPVLITPPSAAGLSGGGKGGLNLAYVIIPVVLLLVIVTVIVLAVLYVMRMRRRRRSKKESKCKDEEKSEPSDPVEMRRLNFQTPAMIDHPPISVLDLPKHIAILKADNNSQFTQEYESIEPGQTFTADSSQMECNKGKNRYPNIHAYDHSRVRLSYINGIEGSDYINANFCDGYRKERAYIATQGPMQHTAADFWRMVWEQRTFTIVMLTREEERGRVKCDQYWPTDGTDVYEGIEVSLVDWVELANYTISTLQICKEGASQPREVKHFQFTGWPDHGVPAHPTPFLAFLRRVKFYNPPDAGPIVVHCSAGVGRTGCFIVIDSMLERLRHEETVDIYGHVTVLRTQRNYMVQTQEQYIFSHDAILEAVSCGNTEVHARNLLHHIKKLTELGKGEVTGLEEEFKVVDPSQAKKHKYGAATLAINRPKNRLANILPYETTRVHISPVRGVEGSDYINASFIDGYRQRGLFIATQGPLQDTVDDFWRMLMEQNSNIIVMLTQLHEGEWEKCYKYWPTDRSARHQYYIVDPIAEHEYPQFVIRDFKVKDARSDTVRNIKQFHFLGWPETGVPKSGEGIIDLIGQVQRAYEQQEEEGPITVHCSDGVGRTGVFTALFIVLERMRSEGVVDLFQTVKLLRTQRPAMVQSQEQYLFCYKTALEYLGSFDHYAI,,Ig-like|Ig-like|Ig-like|Fibronectin type-III|Fibronectin type-III|Fibronectin type-III|Fibronectin type-III|Fibronectin type-III|Fibronectin type-III|Fibronectin type-III|Tyrosine-protein phosphatase|Tyrosine specific protein phosphatases|Tyrosine-protein phosphatase|Tyrosine specific protein phosphatases,Ig_sub2:IPR003598:13:80;Ig_sub2:IPR003598:114:180;Ig_sub2:IPR003598:217:272;FN3_dom:IPR003961:286:378;FN3_dom:IPR003961:381:476;FN3_dom:IPR003961:478:571;FN3_dom:IPR003961:574:670;FN3_dom:IPR003961:673:777;FN3_dom:IPR003961:779:868;FN3_dom:IPR003961:883:981;FN3_dom:IPR003961:981:1073;PTP_cat:IPR000242:1319:1577;PTP_cat:IPR000242:1605:1867,Ig_sub2|Ig_sub2|Ig_sub2|FN3_dom|FN3_dom|FN3_dom|FN3_dom|FN3_dom|FN3_dom|FN3_dom|FN3_dom|PTP_cat|PTP_cat
A7RX98,NEMVEDRAFT_v1g96644,Nematostella vectensis,Protein kinase:15:290;Phosphatase tensin-type:396:567;C2 tensin-type:573:712,NDFVGQFVELGPLELKIKRVIAEGGYGFVFVAQDGKTGKEYALKRLMAGDEAANKNILQEINMLKRLRGHPNVVQFYSAASLGEKESGHGMTEYLILTELCTGIVDRVYQVRDGQPFSPDQILRIFYQLCRAVSHMHKQSPPIIHRDLKIENMLIGSKGQIKLCDFGSATTEPLTPDDSWTALNRSLAEDEIQRNTTPMYRAPEMVDLYSNLPVTEKADIWALGCVLFYLCFMEHPFEDSAKLRIINAKYTIPEMDREYTMYHDLINSTLVVHPEDRPCIRDILTQLEALAAARSVDLKAPVMDKSFHETGIIISQLHGCLDLPLYCCQDKAIILCLFYILAAGPISPTSAPSNNSIQSTSNASNSGNSVLLGGVMKGANSLFSNIKGISNKAFQSMAGYVKNDLDLSYITSRIIVMSFPAEGIESTYKNNIDDVREFLEAKHYEQYFVVNVSPRNYRADKLSTRVLHQCWPVNRLPPLESIISLCRKIFVWLKKDSSRVIVIHCMDGRVASGVLVSAFFVFCKLFKNPNGAADMFSIRRCGIGQKVALTPSQERYLLYIAELINNPSMKPQKNSLYIKSVTLNPVPAFNKARNGCRPFIEMYQGNQRVLTTVQEIEKMREFTLSDGKVTFPVNLTLQGDVTIIVYHGRSTLGGKVQGKMASMRVFLLQFHTGFINPNATKLKYSREELDIAKEDVVKFSSRFAMTLDVTIDTDQAATTTHTWDTLNPARNTPTVCFTSKEEFLECQEEFGMFARSHKIQLV,,Protein kinase|Phosphatase tensin-type|C2 tensin-type,Prot_kinase_dom:IPR000719:15:290;PTP_cat:IPR000242:443:559;Tensin_C2-dom:IPR014020:571:712,Prot_kinase_dom|PTP_cat|Tensin_C2-dom
A7RK55,NEMVEDRAFT_v1g84479,Nematostella vectensis,SH2:6:100,LKKAEWYWGEASKEAVNARMRDTEDGTFIVRDSKRFPGEYTLTLMKGGVIKLIRIMYKDGKYGFSEPLTFKSVIDLVSYYKDRSLAQYNPKLDVKLAHPLSRFEQEGEVPPEKNDEYMTKMVGDLVDINKEFMGSSTEYEKLYKHYTDSSEEIADLQMILEAQRSVISMIEEQLRLHEHFQREASPEHRGLLRQNYELLKHRLNDAKLELGNSERELSNKTQDNRLADKRMNSLRPKIIELQRKKQQYME,,SH2,SH2:IPR000980:4:100;PI3K_P85_iSH2:IPR032498:114:250,SH2|PI3K_P85_iSH2
A7SGW3,NEMVEDRAFT_v1g42247,Nematostella vectensis,SH2:29:134;SOCS box:129:169,DSQSVNTNADNNTVRRLSSSLKTLSNCGWYWGPMSSKEAEKELYNQPDGCFLVRDSENDYHLLSVSFRSKGATCHTRLIYNKGKFSFFQDEMGKDSAYELIMHAMEASQDGILCNSRGHNRNTICYPVRLQVPISRFNTVPPLQFLCRFVIRQNIRCDQLDQLPLPKQI,,SH2|SOCS box,SH2:IPR000980:27:134;SOCS_box:IPR001496:129:169,SH2|SOCS_box
A7RLS3,NEMVEDRAFT_v1g85808,Nematostella vectensis,Protein kinase:18:294,VFPSVYIADEWEVPREKIKLIRELGNGSFGMVYEGEATDIVPNKPKCKVAVKTVSENASIRDRIEFLQEASIMKAFQCNHVVRLLGVVSDGQPTLVVMELMDNGDLKNFLRSHRPEVTMESDEPPPTLQQMLQMAGEIADGMAYLAARKFVHRDLAARNCMVNANLTVKIGDFGMTRDIYETDYYRKGGKGLLPVRWMAPESLKDGVFTSPSDVWSFGVVMWEMATLASQPYPGKSNEEVLKYVVDGGVMPKPDDCPDRLFDLMTLCWQFSPKARPTFLSIISLIEEDLSQEFRENSFYHS,,Protein kinase,Prot_kinase_dom:IPR000719:18:294,Prot_kinase_dom
A7RW90,NEMVEDRAFT_v1g163453,Nematostella vectensis,Protein kinase:1:242,MLKAGVDKNIKQDFFKEVKIMAGVRHENVVRLLGVCKDDPMCMIVEYMENGDLNQFLKQRELASGNSADPNKVTYQALLYMALQLAAGMKYIASHQFVHRDLATRNCLVGHSFTVKIADFGMSRHLYSKHYYRIQGRVILPIRWMAPECILQGKFTSASDVWAFGVTLWEILTLAAEYPYGDLTDEKVIENVQLMFFRPKSDAITFLSRPEICPPDVYAKMRSCWAIEPSARPDFHDIHSFLENRVALSEMTI,,Protein kinase,Prot_kinase_dom:IPR000719:1:242,Prot_kinase_dom
A7SJE2,NEMVEDRAFT_v1g120496,Nematostella vectensis,Protein kinase:1:241,ASEEALRDLVQELELMHSVGHHRNLLNLIGACTDSEKLMIIVEFANDGCLLDLLHQARGDLQSPRIYQNIEPRHSEVVLGQTRRLEIALDVAQGMDYLASKRCVHRDLAARNVLIADGVAKVADFGLSRNIYETGEYEKTTRGKLPTRWMSLESLETRKFTLESDVWSYGVLLWEIETRGLTPNAGLNYREMIARYRKGYRLERPPDCDQGLYEIMRRCWLAIPKSRPTFSDIVEQLTELLWTC,,Protein kinase,Prot_kinase_dom:IPR000719:1:241,Prot_kinase_dom
A7RG42,NEMVEDRAFT_v1g65476,Nematostella vectensis,Protein kinase:1:98,GVLPVRWMAIESLEDYTYTTKSDVWSYGVLLWEMESGGLMPYAGMSGVEILERLKQGYRLEKPSCCSQELYAIMYECWNPEPKNRPSFSDIVHRLEEI,,Protein kinase,Prot_kinase_dom:IPR000719:1:98,Prot_kinase_dom
A7RNB1,NEMVEDRAFT_v1g87477,Nematostella vectensis,Protein kinase:8:280,WEIPRDRVVLKDKLGEGEFGIVMEGELLIEEEAPRKVAIKMLKSDADRTDHKDMLRELDMFKGIGQHENVVSLIGACTLGMPLYIITEFIAGGTLLELLRESRCITSSYVNANLVSKLSGKDLLKLALGAARGMRHISGNRFVHRDLATRNVLVTEDLTAKITDFGLSRDIYSDGIYLNAKGGKLPLKWMAPESLLDYVYTTQSDIWSFGVLMWEVWSFGAMPYSAVVPNELLSMLMSGFRLSRPPLCPEEIYDVMMSCWNAEPEVRPSFAKLCTVLESL,,Protein kinase,Prot_kinase_dom:IPR000719:8:280,Prot_kinase_dom
A7SEE1,NEMVEDRAFT_v1g244678,Nematostella vectensis,PID:27:149,MEQLKTMRRKISTESEHSYQLNDPEPKFTAQYLGKKFILEEEFHPSKGYPITAKYANILTRECPERKARKMELLISRNIHRGLCVTDPTGKTPEETFQLQNIAFCTTIKQNKKLFSFIAEVEGKLECHVFTCSKEAKAKAICVALSRAFLSAHADWTRKRERSMKKKEIDSAVAKVQTDIMRTALEDERQYLGGDDENVTIEDDLDDLENDLEVMKLLHGHCSVED,,PID,PTB/PI_dom:IPR006020:23:162,PTB/PI_dom
A7RL95,NEMVEDRAFT_v1g35794,Nematostella vectensis,Tyrosine-protein phosphatase:1:187;Tyrosine specific protein phosphatases:102:178,GPLESSCDDFWQMVWQEKCSVIVMLTGLIEGNELKCHQYWPSTDQPAAYGVLTVSLKKKEEFSDYTVRSFTTFYRWTLKGVRLIHQYQFTSWPHRGVPQQTAALLRFRKNIIDRPPHVPESGPWIIHCSAGIGRTGIFLVIDAMLRQAKEKKVVDIYNYVHSIEEDRPYIIQTKDQYVFIHQTILEAL,,Tyrosine-protein phosphatase|Tyrosine specific protein phosphatases,PTP_cat:IPR000242:1:188,PTP_cat
A7RVU0,NEMVEDRAFT_v1g94990,Nematostella vectensis,Protein kinase:32:320,HVFLQIDPDRSLLEQCNNLPYDLDWEFPEERLILGKVLGQGAFGQVLRAEAIGMDNFNPRDKSADGLKTRSKMRRSLRGKGASESDYKDLASELKILIHLGEHKNIVNVLGACTRGRRLMVIIEFAPYGNLLSFLRARREVYQPTWTKTTNDPEKNYTLVDLTMASYQVSRGVEFLASRKCVHRDLAARNVLVGPDYVMKVSDFGLARDIYQDDLYVKNTSGLLPVKWMALESLFDRVYTEKSDVWSFGILLWEIMTLGGTPYPGLPTEQLLDYLSEGQRMAQPQNCPLEIYTIMRDCWMQLPEQRPHFNVLADRLGKVLERNVAKVLLVAKVLLVA,,Protein kinase,Prot_kinase_dom:IPR000719:32:320,Prot_kinase_dom
A7RZ47,NEMVEDRAFT_v1g241699,Nematostella vectensis,SH2:58:151;Ras-GEF:435:710;Ubiquitin-like:754:826,MSKKSNKLSRTFPGRVKNETKSRQPLPSGFKRFADFLTLRRKKRKGDSAARQLEKSPWFHGKITAEYAEMLMRGAGEFLVREDPAMPGMYFIAVRNKEQETLHLAITKVNHSKGTRIKYRVEDSDYMFDGIPELIQFYISERRPVSIRPPAVLTIAISKESALLKEEDFRGRTSTAGSARIHRTTRGRLERKRSDPVLSTRVPSRVFNIEADDDSSASVPDKDRPHSRSNPPSIYYDDKQKTAEGGELFSSATTQSLEDVLDPPQIERRRHLSSSGSAPSLYRKRDSGEGPESTYDSPRSIAIPTTTLKHVSPYGRQGRKRSQESGPVQALKSKEGVPLKDYATPSSLPVNGSSNSQDELDYDVPRPSSMVTDKNNDDTNSKRDSGVTRESSTERDRAGSGVTECAKPRQTRQEIYQSVLQKLRDKIVRPFLEQSCVTLARYMTKVDLDVVWTSHMGEGEGEPEGVAEGLELLILPQGRDIRSALIERYTNLTYWVGALVVAAGDLGPRTQVVTKLIELADVLSDKHGNLVSFMAVLEGLALPQVTRLHHTWSCLHHQYSSSAIMYHSTLKPLAGLLSSGAPSPFPGVCLPYVVPLAKLLEMTTEDALGGWGQDDVVQGIETLLAHLDAGRTLIQQLDAYKDEYLKRSHETIPEDELKIMDYFRSRVNVGDVLGLGSDAHVRTQKLVTLLNWLSENAERASKPSADIWQATNAMAISIVCKPFDFFAIMKSGRLKGQIGRMNRGANLSAKIRLFSLHLKFPTDEKFTISRVCPGMTVKDLKNRIELETGVPRHLLRLRYLDGYDLTDDRRLSYYNMVPAATVQVLLWPEWVSLVTAACKGDYYGNQIGVFNFFRGVLASQIRTPAKLGQNTPREFNEKALVALYIASHRGHVNVVSRLVESGVYPCTKLPSGRSPLHAAVNRKQITCVSILIGELYIDRVILSSAGRD,,SH2|Ras-GEF|Ubiquitin-like,SH2:IPR000980:56:151;RASGEF_cat_dom:IPR001895:431:724;Ubiquitin-like_dom:IPR000626:754:827,SH2|RASGEF_cat_dom|Ubiquitin-like_dom
A7RT25,NEMVEDRAFT_v1g92641,Nematostella vectensis,Tyrosine-protein phosphatase:21:277;Tyrosine specific protein phosphatases:196:268;Tyrosine-protein phosphatase:309:567;Tyrosine specific protein phosphatases:483:558,IPVDEFEEHVRRLHANGELLFSQEYGAFRSPDTVTSHHSLNQANRFKNRYNNITAFDHCRVLLQPIEGDPTSDYINANYLDGYRKQREYIAAQGPLPETCHDFWRMVWEQNSRVIVMVTNCEERGRIKCHQYWPSSGSQNYGVIHVNMMSTVELSDYTIRSFGVKRSGSPEERMVLQYHYTAWPDHGVPNSVTSVLNFVRKSSAVNLTEDYGPMVVHCSAGVGRTGTYVVIDAQLKRIQAEATVDVYNYVMMLRGQRNLMVQVEDQYVLIHDVLLEAIACGDTEIQARDLRQRIKELMRPSTDTGQTEMDAEFQRLSRNKAPPSKFQSANLPVNKHKNRYANVLPYDDTRVRLTMQAVTEGSDYINANYIDGYMSKKAFIATQAPIPDTIPDFWRMIWEQDCCTIVMLSQEMESGKVKVHRYWPGKQPTSIGNLVVEMLHDKQFDDYIMREFKVTNTKESASRVVRQYQFTAWPDIGSPDSGGGLIDLIGQVQRWQQKCGVQLTAVHCSAGVGRTGVFCAVSILIERLKAEAMVDVFQTVKQLREQRPAMVQTKEQYEFCYQTLGEYLHSFDPYNNFD,,Tyrosine-protein phosphatase|Tyrosine specific protein phosphatases|Tyrosine-protein phosphatase|Tyrosine specific protein phosphatases,PTP_cat:IPR000242:20:279;PTP_cat:IPR000242:308:569,PTP_cat|PTP_cat
A7SZ92,NEMVEDRAFT_v1g2016,Nematostella vectensis,Tyrosine-protein phosphatase:1:242;Tyrosine specific protein phosphatases:159:233,PSEAAKKRVNKAKNRYANIVTYDHSRVVLEKLSNDPHSDYINASYLRDYDGSPKAYIATQGCVEPSSGDFWRMMWQERRCVIVMLTGLIEGHKKKCHQYWPDSTSKYCNLRVTLRKTEVFADYIIRTFVMSQVGQTEERYVYQYHFTVWPDKGVPQYATAVLGLRRKITKDSLPGARPWVIHCSAGVGRTGAFLVIDAMLRQAKKQKTVDIFNYVKAIREDRPHMVQTSEQYVFIHLAVLEA,,Tyrosine-protein phosphatase|Tyrosine specific protein phosphatases,PTP_cat:IPR000242:1:242,PTP_cat
A7RH05,NEMVEDRAFT_v1g238189,Nematostella vectensis,PID:67:183;Ras-GEF:1985:2240,MPSFRQRLRETFRKTDNAEPIPNQGSTAVESDHPSLRSGNDLDQSRRSSSFNESRSIDETFSEEFHFIVDYIGSANISEAQSVQLLLETIKRVKKQQLRTIRVDFVIREGMLKVNSVDTNGSILTAPLYAVAQCAQEQVRGFDHCYGLNITRKSNHMCHVFQAGSHLEAGSIVRSVALSFKMIGRMLREKREKQRQARSTSVSSSDRTRTNSEVSTSTIEEALRETRRRQSLLRHTGDRDSSLGSGGRKSPHSYKHSRSFSKSSTSPSILRHPLCIHPSSRHVEFSALSPVPSDSSDNEGRSSVKYSLPEVVEAHETRPESIQVEVEVYSSPKPTVQPECLEEKLGAIALEDKKDMESPMPDVDSIAGVNNPSDIVPPEKPIEAPSTPKEKDPASVRLPETSIQLSSIPVESEPLSEEEKAFQIAVDAIASGDIAGLEMILDEGLFIDASDHMQRSLIYHAVTFGQADIVQFLLKRGAEVNWEGPEDRTPLHVAAAEGNRTITQMLLAFGANVRAKDSAFCTPLHLSVGKLQNLEVSHLLVEHGARILENNIQGVRPVDLEMQLKEMQRLLVQSACEAFYSTDLSKSRSNSGTSSCAHAPHAASIRSPRVCPSDSLRRGYRSSSLCSLSRGLVRASPETIKGVGSLRRSESIHMSRTLSPLLGKYTRRSESIHMSQTLSPLLGKYTSRSESIHMSQTLSPLLARGKRSGLRRSQSFQKYPRDLKFEQELRERMEVNMKSKQDENDEALETKEPESETTAKQSVFEVPPLHMSRQRSNSDLARYTSVKIPAEERKEIKMELEKFVDSLADEPPMRVSLKEFPDTPDSTTHRPPSPSSLLLEGPQLPRNHRQHSTESETSAGAPRSASECEDSSFLSTGSHYSKEDEHVIESLKSVVLLSGNPECHESLLAYLCLPKATAQFVCLSHMPGMLPTVAENIAVLIGNLFNLEGPESRKRSVEAGLIKTVLKLVDGAEPIQNTCLSILHNILDYDNDREYSTALKNVPLEPLLNLLHCNDTDSGAFDVRNSESPPPYPSAERGRRCKTSTCSRDSHDEREARHRIREPSPVCGGSVQRNNSGSSEVWAERRRMFQKRNSISSMASSVEGDQNYSVFSPAYSHGHLPWSSFGPDMHTKNPKLVATKMLAATSMNPKIQKELGKSRPLSLLLETLLDLNQDIVLHTVAALANVAMDLENHLQIETSGAVEAFKRLLLHHEKRISYHAARGLVYLGGVDVGDVYLFNQISGDDKLDVIFADINDAEGTGTGALFVRGATVEKIVEIVTKNPSILWGGTRLSSSPKGYRASERKVNGNGSPFGKQLVTEDQIMDFILTMQKSFVHGVILMRLLIHRFRNPFFKKYFDGDPSTGQIHESGNHTLFFLIRFRNPFFKKYFDGDPSTGQIQQNDPLPVVHIQLMRLWKMWLERYPEAFVENPLIANELSTLLLPMRRAGGPYLPCAESLEHYLTSIVDMNPVKRTLESSHENHCHHSILYEQCQKAVVGGGLPCHVEDAIYLSALQLYIEDMSPPSAETRGRLEGWFLQGTGSEKLSASRLKQAVHPSFYKVKNIAKRIRGQREHFQNEGLSERNAKHNYIDCCQAMPGYGCRFFQLKECLGTISRNSGHVDRLFGISPKKVVLLDERTKGVVGNWQFNDVKRWKLVAGDTRLRVELVNMAFEFTMENKSTFKEISDLLFYSTRSNFQTLREHDFSPWSKYAEETETWGEVALAAQTSHGLPQPRDDDSPLGDPSRMRAVSCVASSVPGPRPFQRGTSLVEQLSTSAPYQQCAMGSLPMAPQPTRMAPVLAATAGGSSLIAGSSVQSSKFGSPSTIHSSEEHLLGSYQSSCSSSLRNPSAASKWSWDLSTAHPDMSLRTRHPSRSSEDSIENSPTELHPLDPSTSPNKPSRRQRFHSSDSTSSLGSPQESHALPTGQSPTRPHSGLLWPEPDYETENTNRMFGLSPKGQLLNCRCPPEAELPGFDRRNFTAYDLLFHPKELARQITLLDHEFFCAVTSDDIQKKIAMGTGRRKNLDSQPRLLCERVADRFNQLSTWVVASILTEESVEKRAQMFINFIETAKQCLKLRNFNAVMAIVVAALGSSSIRRLARTKQLVPKEFLEQCAKIEMLMDTKVPALFGLVVGEYLVDVYANNYKKYRTTLRASPTPAVPYFGIYMKDLTFIAEGNPDFLKGGLVNISKRRQVYIVINEIRQFQKKSYHFQEVAEVREYLLSQELVSEGDLHLVSCQLEPPLTRRHSETDKPTEPSTVPKLTRSNTLSRVGGKTCLVLKEAAAVNTDSNC,,PID|Ras-GEF,PTB/PI_dom:IPR006020:62:193;FERM_central:IPR019748:1481:1603;RASGEF_cat_dom:IPR001895:1981:2241,PTB/PI_dom|FERM_central|RASGEF_cat_dom
A7SQA7,NEMVEDRAFT_v1g192360,Nematostella vectensis,PID:2:117;Rab-GAP TBC:400:586,MYLGSSTVNAPVSEIELKRTMVILREQSQVTIDVDLVVGSTSKGKLRLVDPETNSDIATYRVQRIIFCGRGDVDGQERDCFAFNTVHGDTDIFHCHVFKCKEPEMAGKILKSFSVAFKKHRKDPPVQFDVTLDILEDDGKGFVSVSRDKACFKLRQNLQKKVLVTVQQLSNRHIIVERCFGLLICPGRNIRHSDMHLLSGVSMEIQDNGRLYSISGLWNPASQDLLVLNTESPKDTRVFMTIAVDLVFTGVTVPVRFIYETKARIYPTNERLWILTRPKIHDTYVMELKEVVYLPKLSTLHSCLGYEVKSITSEAELVARGQLLKRQSSPQQTPAGDKNSEVIRHVILDDEEDDEPLLSGTGMVQKECSEQELCSWSELLSKWKDVSTRPRQLVQLVRKGIPEPLRGQVWQMMAGLSENDELVDSYKHLFTKESPTEQVIVWDIHRTFPAHDYFKDSGGEGQEALYKISKAYSVYDEEVGYCQGLSFFIAVLLLHMPEEQAFAVLVKIMSAYGLREVFRNDFQLLHLKFYQLERMIEDSMPDLFSHFQHNNVEAHMYASQWFLTMFTARFPLPMVYSIMDLILCEGTHVIFQVALALLKDARKDLLQMDFEGILKFFRVSMPKKYMEEERYKQLLGCAIGIKVTPKKLRKYEKEYEAIKEKEAQLEDPVERFKRENKRLVEANMRLELENDYLAHELVTCKVTLHSKLAEAEELIEELTAKLRVNSKALTETEDERERFKTEGAQLKEMWRKSMQEAEDEKTRHTAIIDEYKKICSQLDERSEKLKTDLQQELVEIKRRIGQCETCGPLFSDEGQSSLNDDNADSFKASIKVVDSEKRMRELELELAKTKLSLVEAECHSQDIEHKYSALMAAVEAEGNKPWFKRISFSGPKEAK,,PID|Rab-GAP TBC,PTB/PI_dom:IPR006020:1:126;Kinesin-like:IPR022164:147:270;Rab-GAP-TBC_dom:IPR000195:397:609,PTB/PI_dom|Kinesin-like|Rab-GAP-TBC_dom
A7SAX8,NEMVEDRAFT_v1g111563,Nematostella vectensis,Protein kinase:1:242,DEKDKTDFLAELNLMKSLRPHPHVVRLIGCCTRQAGELSSHLAIILEYLPYGDLLGYLRRSRGHEDWYCSGDLRPPSRLVSKDMVKFAWMIADGMAFLAANKCVHRDLAARNVLVGEDNTCKISDLGLARDVSQYIYTRTSSTRLPVKWMPPESLFYGQSSSASDVWSYGIVLWEIFTIGECDSPYPGVGNNYIPRMLREGYRMPKPLHVGDALYCVMLRCWQEDPDERPTFDELRDNMQTL,,Protein kinase,Prot_kinase_dom:IPR000719:1:242,Prot_kinase_dom
A7SRR7,NEMVEDRAFT_v1g192816,Nematostella vectensis,S1 motif:1075:1130;SH2:1172:1279,MPARQTPEPVAQPVDSTYADIIDSEEEDEDDFDNFIVDDEGKPIKQARRKRVVIEGQHDSALQEAQDIFGLEFDFDEFDKFGQDDYDEEEDYEDEDDDDDEQAVMRRKSRKKATKKSIYEVFEPSELEKGMLTDKDTLIKNTDIPERFQLRGVPVKETDEGELEDEAEWIYKHAFLYLPISQQDVTEQGIHGNPPALKPHTAVGKIREALNLMRNQFFEVPFIANYRKEYVEPELNIDDLWKVFEWDEKWTQLRTRKQNLHRLFEQMQDYQFNKARDDSETPLADDVRILQPEDIDRLDQVQTMEQLKDVYSHFMLYYGNELPAMHEARKKKAKEEREQKRLENENEEEAVEPKIDYDEGPKLKKPMKKDLYSICRQSGLGTLAKKFGLTPDQFGENLRDNYQRHETEQHPLELAEAAEQFQTSMFATTDQVLEGTRHMVAMQIARDPLVRQCVRETYYKRATLSVSPTKKGKKEIDESHPCYTFKYLKQKPVRDLRGDQYLKLSMAEAEGLLNISISIDIANSTGWVVNLMTYFDEVKQLYYRDEFSLLVQEWNGQRMQALSRAFYQMLYPALEKELKTKLLTESKNFVIKSCRNKLKSAIEVAPYQPEQQPDQEYEDMGGDGFRVLALSYLPDPTVPAFLAMLDGEGQVTDYLRLKSLLVRRNAYRQSEREAKEKDMESLKEFILKKRPQVIAVAAVSREATTIVEDIKLCLAELEQEHQMSPIGVELVDGEVARIYQTSIRADNESREYPPVLRHAVSVGRRLQDPVTEFAGLCIEEDELLCIKFHPLQDEVDKEQLIRALHEEFVTVVNDVGVDPNRLLDHAHVIPLLQFVCGLGPRKAAALLKCLRQQGSRLENRSQLVTLCNLGPKIFLNCAGFIKIDTQAISDTSTNYVEVLDGSRVHPETYEWAKQMAVDALEYDEATEENNPSAALEEILEAPDRLKDLDLDAFAEELERQNYGNKRITLYDIRDELFGRYAERRVPFRPLSVEDRFKVLTGETSETLYVGKMVMCTVTGFAFRKPSHDMVDQANPEKVEDTGLWQCPFCLKNDYPELSEVWTHLDNGSCPGNATGVRVRMENGISGFIPTKMISDKHIKSPQERVKPGMTLHCRVTRMNMERFQVDLSCRSSDLADKDKKFSLPFDLYYDKDAEEKDKKEDETAKKKANRPKYIKRVIVHPAFRNISFKEAERILSELDQGESIVRPSSKGSDHLTVTWKVDQGIYQHIDIREEGKENAFSLGHSLWIDTEEFEDLDEIIARHIQPMAALAREILNHKYYRAADGGSKAKLEELLVLEKKKAPQRIPYFLSASKEFPGKFLLGYLPRVKPRVEFVSICPEGFRYRGRVHGTLNALFKWFKEHFRDQIPGVTPRMRTTPVAMSESNTPYTPGATPLTSDMDANQLLMQLIGNRNIAPNPNMYASPSTRGDQQGSSYWGSQQTTSSTATPAGGQYPQYGYYQTHNDSISAAVQNYAYEKQQKQLQKQRQQQAYSS,,S1 motif|SH2,Spt6_HTH_DNA-bd_dom:IPR028088:157:268;Tex-like_central_region:IPR055179:409:592;YqgF/RNaseH-like_dom:IPR006641:625:740;Spt6_HHH:IPR032706:782:884;S1_domain:IPR003029:1069:1130;SH2:IPR000980:1172:1279;Spt6_SH2_C:IPR035018:1272:1363,Spt6_HTH_DNA-bd_dom|Tex-like_central_region|YqgF/RNaseH-like_dom|Spt6_HHH|S1_domain|SH2|Spt6_SH2_C
A7RZ69,NEMVEDRAFT_v1g98616,Nematostella vectensis,Protein kinase:16:296,FEPPFDEEWEIARENIVLREKIGEGAFGLVVKGIVYGLPDKPSSCTVAVKTIKEDASIEEFNDFVSEIETMKSIGNHTNIINMVGVCSVDGPLLLIVEHAMHGNLRDFLRKHRGTHKDASQNNNLYMTPGNSLIIKNLLPMAYQAAKGMQYLASKKCIHRDLAARNVLLADDYVLKIADFGLSRNLRETDYYRKTTHGRLPVMWLSIEALFDQKYTLMSDVWSFGVLLWEIYTLGCMPYPGIPVERLFELLKTGYRMSAPTECPPEIYTLMLQCWSENPADRPTMELVAKELDRMLATSSS,,Protein kinase,Prot_kinase_dom:IPR000719:16:296,Prot_kinase_dom
A7SLJ9,NEMVEDRAFT_v1g122799,Nematostella vectensis,Protein kinase:11:281,MDVWEIPRDCVTLGDRIGEGQFGIVFAGTVKIGEDTIKAAIKCIKDVDDRYDMKDLKLEMEMMKEIGYHPNVVSLIGTCTIETPLYIITEYVSGGNLLDQLRQSRRTDSKYVNVNSTLTSRDLLRIALDVSRGMRHIAMKKFVHRDLAARNVLMTDTLTAKVADFGLARDIYCEGKYVKTGGGRLPIKWMAPEAIRDQVYTTQTDVWSFGVLLWEIVTLGRSPYPGVPIAMLLEKLLYGYKMPCPSHCSEEVYSVMESCWQLEPSARPGFGELSKILTEMLS,,Protein kinase,Prot_kinase_dom:IPR000719:11:281,Prot_kinase_dom
A7SRD6,NEMVEDRAFT_v1g17263,Nematostella vectensis,Protein kinase:1:100,GGKIPVRWTAPEAIRYRKFSSASDVWSYGILLWEIMSFGERPYWTWDNFQVMDRVEGGYRLPAPMKCPKVIHNLMLDCWDKEKTSRPKFADIVRRLDEVIRSP,,Protein kinase,Prot_kinase_dom:IPR000719:1:100,Prot_kinase_dom
A7T229,NEMVEDRAFT_v1g41992,Nematostella vectensis,Tyrosine-protein phosphatase:1:222;Tyrosine specific protein phosphatases:138:214,DHSRVMLRGAGSGCDYINATYIKGFDGTPKTYIAAQGPLESSCDDFWQMVWQEKCSVIVMLTGLIEGNELKCHQYWPSTDQPATYGVLTVSLKKKEEFSDYTVRSLLLSKQGTLKEVRLIHQYQFTSWPHRGVPQQTAALLRFRKNIINRSPHVPKSGPWIIHCSAGVGRTGIFLVIDAMLRQAKEKKVVDIYNYVYAIEEDRPYIIQTKDQYVFIHQTILE,,Tyrosine-protein phosphatase|Tyrosine specific protein phosphatases,PTP_cat:IPR000242:1:222,PTP_cat
A7SL46,NEMVEDRAFT_v1g122252,Nematostella vectensis,Protein kinase:1:248,VLVDTAGPEQGEEFLKEISLMKKLGSHKNIVNFLCCSTVKEPFMLVVEFLPKGDLLDYLRRNRSKQNDETGEQEDEMITPQDLLSFSYQIAAGMEYLSKKGFVHRDLAARNVLVADNKQVKVADFGLTRDLYEESAYQGHSNRKLPIKWMSPEAIYDQIFTTESDVWSYGVVLWEIATLGGAPYPTISTRDVFVMLRSGYRMEKPDICSDEVYTIMKHCWEDQPKKRPTFSDLRMKFEYMLEADNPYLDLSE,,Protein kinase,Prot_kinase_dom:IPR000719:1:248,Prot_kinase_dom
A7RU23,NEMVEDRAFT_v1g240697,Nematostella vectensis,PID:92:216;SH2:682:773,MFKKGKKKKQEKATKENGKIADGSNESKAYTKGAPKNSSDQTDGFDKDGFVDLQPIASNVTILGPRQSCKAIYNYRIPYTEICDNDNVLIWYVGTFAVISSADGRKSLRTHKERTSYMKEHLKNYRSTTNGVAVLVQVSDDGIKVLSSDGKRVRMAYPLQRISFATCDPDFCLFAFMTNSPSPMGVTVHGHVFVCHRPRQVQDITAMIGKAFKMAFAASRMPSKPPDNDQDEKQTKAARRWAKHEATRGHERSEHAEKAAELKRKEKKEATKHNSFGSFTDGSPVLHRAGVQMTGHGQANDDVVTDALSDAITPMTISSPRSRKTSDPLPPLPTERIQSPTHLSRDTLSRKTSDPLPLPPTVANQTPVADGHQGRNSISRQKSDPLPPTPTEAIQTPTSDKNQLQGKPLPLRPLSEFVTTPISATAISAEAPALPSRGQGQLTPQTSSASTDDEHVVAMPDSNTKTLLGNMRAETPTMVGGGAKVEYLGSPSEEEAVQRLNDHQNEYWYMPGIPRMYISTCQAFQGMYIVYDYQNEYWYKPGIPRMNVGTCQAFQGMYIVYDYQNEYWYMPGIPRHSKVCTSCMTTRMNIGTCQAFQGLYIVYDYQNECWYMPGIPRHSKVCTSCMTTRMNIGTCQAFQGLYIVYDYQNECWYMPGIPRMNVGTCQAFQGMYIVYDYQNEYWYMPGIPREFIMEMLQASEEGSFFVRDSQSKPGCHALTVRVPTEVHASGFGNYLITPIPEGVKLEGFSRTFTDLVSLIEYYSYHADGLPCRLLLGGSNILCNDDENNDYIYSVPLDPDYRLMSDFHSMMEELK,,PID|SH2,PTB/PI_dom:IPR006020:83:225;SH2:IPR000980:680:773,PTB/PI_dom|SH2
A7TB32,NEMVEDRAFT_v1g224730,Nematostella vectensis,Tyrosine-protein phosphatase:281:449,LSFKGKITLSFKGKITLPVKGKIILPVKGKISLPVKGKISLPVKGKITLPVKGKITLPVKGKITLPVKGKITLSFKGKITLPVKGKITLPVKGKIVLPVKGKIILPVKGKISLPVKGKITLPVKGKITLPVKGKITLPVKGKITLSFKGKITLPVKGKIVLPVKVKITLPVKGKITLPVKGKITLPVKGKITLPVKGKITLPFKGKITLSFKGKITLPVKGKIVLPVKVKITLPVKGKITLPVKGKITLPVKGKITLPVKGKISLPVKGKITLPVKGKITLPVKGKISLPVKGKITLPVKGKITLPVKGKITLPVKVVKADNKPLDANTKYSFLQQAYDDNGNLLESYVWITRETDHNVGLIVGVLIAVIAILLILGVTNCEERGRIKCHQYWPSSGSQNYGVIHVNMMSTVELSDYTIRSFGVKRSGSPEESCIRGVALLCGIVLWRETYATSKYSDCSSSCCLQLYPSE,,Tyrosine-protein phosphatase,PTP_cat:IPR000242:281:449,PTP_cat
A7SX27,NEMVEDRAFT_v1g136198,Nematostella vectensis,Tyrosine-protein phosphatase:1:170;Tyrosine specific protein phosphatases:90:161;Tyrosine-protein phosphatase:202:460;Tyrosine specific protein phosphatases:376:451,MVWEQNSQSIVMLTNLVELGKTKCHKYWPDKIETYGGVTVTLHQSEIFADYEIRTFILSKAKRSGSRMVRQFHFTVWPDKGVPQYATAVLAFRRKVRALNPRDAGPVIVHCSAGVERTGTYIVIDAMLEQAKKSRTVDIRNYLIALRKDRPHMVQTKEQYSFIHSAVLEALTCGNTEIQSETYNQAMQKLASVNRKFQMTGYALEFQRLNSVTSREIPAEEKSVGEEPQNLHKNRFSDIIALNSCRVMLHNEHADEESDYINAVFLHAHRGRNAFIATQHPLLETVEDFWRMVTDYDIGTIVMLNNLHELDQEYPQYWPDHGATKYGHIGVSVLSKQEKGDVICTKLKVTRKKKTQEVCHLHHVSWPDKCIPELACSVLDLLDEAQTSQQQCGNAPVLVQCSNGVGRSGTFCAISSVLERLKTEQVIDVFQVIKRIRVNLPGAVESPTQYLFCYQIIQKYFDSFSDYANYSDC,,Tyrosine-protein phosphatase|Tyrosine specific protein phosphatases|Tyrosine-protein phosphatase|Tyrosine specific protein phosphatases,PTP_cat:IPR000242:1:172;PTP_cat:IPR000242:201:462,PTP_cat|PTP_cat
A7RHA4,NEMVEDRAFT_v1g31143,Nematostella vectensis,Ig-like:12:86;Ig-like:95:193;Protein kinase:323:609,KREKTLIAMPVGNSLKLDCSADGKPRPTVVWLKNGKPFLKRDGVELSLRPYQYVLSMRDAVPSDDGRYTCNVSNALGWINHTYTVDVRERVRAKPVLQPIANVTVLSGENATLECKAMSDSMPHFQWIRWFTARVNGSSNETTLRFEVVKQTPHSDHILRPKSEHRFAFHGVKLTLFNVSKEDEGKYTCLVGNAVGYNAENGYLIVKGMITNDGVTKKIVIIVVVVSVIALVIFIFIAYGCYVKHKMGPKTKQNIQYTTANIEPASPFQRNHSMRTSTSSYGSTVPLLARERSMRSRLGSNLSQVSEIELPLDEEWELDRSQISLLGILGEGAFGRVVKADAIGLPNMPYRCNVAVKMLKEDATEHELADLVSEMEVMKTIGQHVNIINLIGACTQKGPLFVVVEYASQGNLRQFLRARRPIPEYANPLTEPPREKLKLVDLVSFSYQVARGMEYLESKKCIHRDLAARNVLVSDNHVIKIADFGLARDIHDIDYYRKTTDGRLPVKWMALEALFDRVYTAQSDVWAYGILMWEIVTFGGSPYPGIPLWKLFELLKEGYRMEQPVNCQDDVYALMLRCWHENPNQRPTFAEIVKEMDAKLTALSEQEYLDLTSPL,,Ig-like|Ig-like|Protein kinase,Ig_sub2:IPR003598:10:77;Ig_sub2:IPR003598:106:196;Prot_kinase_dom:IPR000719:323:609,Ig_sub2|Ig_sub2|Prot_kinase_dom
A7SQN6,NEMVEDRAFT_v1g230727,Nematostella vectensis,Tyrosine-protein phosphatase:29:286;Tyrosine specific protein phosphatases:205:277;Tyrosine-protein phosphatase:318:535;Tyrosine specific protein phosphatases:451:526,MEDETRQPIPVAELKQHYLRMHANSDLLFEKEYKDIKEPVNVTTRHCDNLINKPKNRYGNIKAYDHSRVILSSVQGDSESTDYINANWIDGFKQEKKYIATIGPKAETTSDFWRMMWEHKSSIVVMLTKLVEKGKVKCHKYWPEENEQYGEIIVTLEEKEELADFEIRKFFLRKLSNQMETRMVKHFYFTSWPDHDVPEYATGLLEFWKRVRNSWEGPQSGPITVHCSAGVGRTGTFIVIDAMMEQIKEENLLDVYSYVSRIRAQRNFMVQRPSQYSFIHYALLEAVTFGDTEIEVQNLRMRLMQLAEKVAGTGMTGLEREFQLLNGAVPDELSDFYTATQPKNSKKNRYPNILPCERCRVVLPAIPDKEDTTYINASYLEGYQEKVAFIATQAPLDNTIEDFWRMVWHEEVFCIVMLCGLNEPLETGEVRQISHFMYLEWTEHAVPTKLLTIIDLIGDLQKARRKHLDRPVVVHCSDGVGRTGAFCTLFATLERVKLEGVLDVFITARMLRTQRPGMVSHLDQYRLCYEAILAYLDSFEESQYQNFM,,Tyrosine-protein phosphatase|Tyrosine specific protein phosphatases|Tyrosine-protein phosphatase|Tyrosine specific protein phosphatases,PTP_cat:IPR000242:28:288;PTP_cat:IPR000242:317:537,PTP_cat|PTP_cat
A7T4Y3,NEMVEDRAFT_v1g146109,Nematostella vectensis,Protein kinase:1:228;SAM:254:318,GSSHKNREDFCVEASIMGQFDHPNVIALKGVITRTRPMMIITEFLENGSLDNFLKSNDGRLTTLQLVGIGRGVAAGMAYLSEMNFIHRDLAARNILVSDNLAAKVSDFGLSRELDDSPENEQSEYQTQGGKIPVRWTAPEAIRYRKFSSASDVWSYGILLWEIMSFGERPYWTWDNFQVMDRVEGGYRLPAPMKCPKVIHNLMLDCWDKEKTSRPKFADIVRRLDEVIRSPDKMNDEFAGSRIRYVEFSATNMSMVKSVEEWLENINMGRYADAFVGSGYVDIDHIRHLEDDDLLKIGINLIGHRNKIRKSIKHINQKLETGELAI,,Protein kinase|SAM,Prot_kinase_dom:IPR000719:1:228;SAM:IPR001660:251:318,Prot_kinase_dom|SAM
A7RUJ8,NEMVEDRAFT_v1g93849,Nematostella vectensis,SH2:30:142;SOCS box:137:185,MLPSPTVNRAHWDKSTVVGPVLDTLRQSGFYWRGITKEQADIILRSCDMGAFIIRDSSSPNFLFTLSVRTVFGVTNIRIAMDRGRFSLESIDNENSEGPSFKCVVHLIYYYVKNSRHSERHLEDNYLRREPTKYKLYLGRPIYGAVSSLQHLCRRSINKQMRPNGVYALPIPAKLKIYISNYQYPI,,SH2|SOCS box,SH2:IPR000980:28:142;SOCS_box:IPR001496:137:185,SH2|SOCS_box
A7RS50,NEMVEDRAFT_v1g91695,Nematostella vectensis,Myosin motor:1:75;SH2:166:273,VLETTRIRREGYAVRMPHAEFVERYRLVAHRPSLPPSEANCRLILNKSKLTDWHIGKTKVFIKYWHTERLTQMLEEVQKSVLKMQKVVRGFLCRRRFKRMIHAYRAQQREVAALMKKARELQIDLKQVEDVKQKRNLGQYFLSLILTVMLMRCVNDGAKDDDVSTLYEPRICSTSSNNIIAVFVQKGRNDELLGPKPVGCFLVRVSESRFGYTLSYRAETRCKHYMIDQTRSGKYIIVGMPKVYKTLNDLVIYHKTVSNTPVNPEGDLLLVACGQ,,Myosin motor|SH2,Myosin_head_motor_dom-like:IPR001609:1:75;SH2:IPR000980:166:273,Myosin_head_motor_dom-like|SH2
A7RXI9,NEMVEDRAFT_v1g96888,Nematostella vectensis,Tyrosine-protein phosphatase:22:279;Tyrosine specific protein phosphatases:196:270;Tyrosine-protein phosphatase:311:569;Tyrosine specific protein phosphatases:485:560,PIPVEAFAMHVRRMHMDGDIGFSEEYEMVQPNDETFTWHHSLHPANKYKNRYANIVAYDHSRVLLTPLEGVLESDYINANYIDGYNRSGAFIASQGPLPETFDDFWRMVWEQGSAIIVMLTQLEERGRRKCDQYWPDRGTRNYGALRVTANETFHMSYYVLRTFLVSHMQEEEEPRQVRQYHYTSWPDHGVPAHPAPLLSMVRTVSSANPPTAGPMIVHCSAGVGRTGTFITLDSMLQRAAQEGTIDVFGFVRQMRNKRNLMVQTESQYVFIHDALVEAVICGVTEVDANKLASRIRELREVDPNIGTTYMDLEFERLTRDERHPTQFKSAMLSCNAAKNRYANILPYERTRVALHMRPGEVGSDYINASFIDGNHRLKAYIATQAPVPRTFEDFWRMLWEQESAVIVMLTREEEAGKLKCHRYWPSDGSRLYDKILVELTEELTYSDYVLRQFSLTHTEEKSSRIVRQFQCTDWPDSGLPESGVGLIDLIGQVEKWQQQSGNTCITVHCSGGVGRTGVFCAVSILIERVKAEGLIDVFQTVQHLRLQRPAMVQTKDQYEFCYTTIQEYLESFDLYANFH,,Tyrosine-protein phosphatase|Tyrosine specific protein phosphatases|Tyrosine-protein phosphatase|Tyrosine specific protein phosphatases,PTP_cat:IPR000242:21:281;PTP_cat:IPR000242:310:571,PTP_cat|PTP_cat
A7SDC7,NEMVEDRAFT_v1g114126,Nematostella vectensis,Tyrosine-protein phosphatase:32:289;Tyrosine specific protein phosphatases:210:280,PLINVRPGGRYAGHRLKMLTGALQTKLDSGMPEEEFKDLREIKPTDGCDSGKNQANTDKNRYRNVLPYEATRVRLSGSSGEDYINANHIRVLVDDDTYHYIATQGPLPNTTKDFWQMIWEQGVEVVAMVTLDKEGGKVKCHRYWPDNTNQPLKLGGRFEVSLLKQTNYDSFVQRDIAVKHLQSGKSIEIAHLNFVKWPDHGVPRSPVEMVQFVAYMRSLATSQAPVVVHCSAGIGRTGALIAVDVALGLMERDKPFDINQTIRDLREQRQGMIQTKDQYIFCYKACLEVLKSLAQR,,Tyrosine-protein phosphatase|Tyrosine specific protein phosphatases,PTP_cat:IPR000242:31:291,PTP_cat
A7SRD2,NEMVEDRAFT_v1g128719,Nematostella vectensis,Protein kinase:30:259,GQRMYIDPSNYGDPMEALMSVAMEINKDDLKLEIIIGGGEFADVYRGVLTNEDKTQEKVAVKILKPGSSHKNREDFCVEASIMGQFDHPNVIALKGVITRTRPMMIITEFLENGSLDNFLKSNDGRLTTLQLVGIGRGVAAGMAYLSEMNFIHRDLAARNILVSDNLAAKVSDFGLSRELDDSPENEQSEYQTQGGKIPVRWTAPEAIRYRKFSSASDVWSYGILLWEIMSFGERPYWTWDNFQVMDRVEGGYRLPAPM,,Protein kinase,Prot_kinase_dom:IPR000719:30:259,Prot_kinase_dom
A7STS1,NEMVEDRAFT_v1g217379,Nematostella vectensis,Protein kinase:40:329,MPNKHNKRKSKGYEQFPDEGGETRDASQNTTYQLIKELDLKEITDIGEGFFANVALGKWIGPNKREQFVAIKSIKGNFLEDHLEDVLREANTIMSLDHRNIIRLYGIAFITSKTPMGIKLVTEYAVFGSLSEILKNPNKPEFLQVTRLRKFSLQIADGMEYLANRHLVHRDLAARNVLVVEPELVMKIVTQQPEKKLEQPKACPSELYELMLHCWVHEPQDRPGFAEIRSSISKFEYLTCVAKEDLWNSVQGRLSFAKDSSVTVISRNAKEKKAKQKLQISHPFHPTSKSTTRLLDDMNIPQNDEMRKLAAQSPKKLNAPAPLPQGVFATLPSPKSASPPRHTLPRPEPIGGPVRGSEPKGVARADSVNGYMPMHGDTFEPGIGDTQAPGDQDQHSVDSSTPNKSTDAPPVPARTDQTPRPERPVPAGASPQSRRRRPVPTPRRTVHKTTSSPLLDPNQPLRNRTLPQPLSMSLRYQIDESSYSDPESDHPSLVPLIGLAQSVPVMEKKYFETEYKGLRDDDMDDEEDDADYTDRGKSFENQGYAAVLYMDHCAEDDKNQYYIGTQASETCEENQKSINVAISPSEAADINQENATLSAVVSPYYGNIQTQNPDSGILAYENFHFLDIKKYTSGARANSELPIPRPANVDEERGQEFDDDYTVMAGGIYGGPETEEEDQPPSLPEKMSIRTKSTSSEGDSKKLQDNLKNDPYSDLQSGIAVPIDGTIDSREGILTLAASLPIYETIEDVEPVYLKRMNNGTSSFFDDPSVIFMANNFVMCYDHERRPSQYEMKRGLDHNAEMPDNM,,Protein kinase,Prot_kinase_dom:IPR000719:40:329,Prot_kinase_dom
A7S934,NEMVEDRAFT_v1g109532,Nematostella vectensis,Protein kinase:7:298,EIPRDDLTIERQLGSGAFGVVKKAKTEEPEEEKGKVLEIVPCAVKMLKENPTESELRDLCNEIAIMALVGDHPNIVSLLGACTVNGPLWLVVKLAENGCFLDYIKEHRSVVEYENTENKIHSYENVTEKTQGAPMTEKEKFKFAYEIAKGMRHLEKKKCVHRDLAARNILLNVDNVAMVSDFGLSRDVYESGAYDNTTGGVLPVRWMAIESLEDYTYTTKSDVWSYGVLLWEMESGGLMPYAGMSGVEILERLKQGYRLEKPSCCSQELYALMYECWNPEPKNRPAFSIIVSRLEETLRAKAVR,,Protein kinase,Prot_kinase_dom:IPR000719:7:298,Prot_kinase_dom
A7S419,NEMVEDRAFT_v1g103643,Nematostella vectensis,Tyrosine-protein phosphatase:1:246;Tyrosine specific protein phosphatases:159:237,AKLPANRPLNRYRDVLPYDHSRIILESTQNGTDYINANLVEFPELGKRYILAQGPLPHTADHFWQMVWENNSKAVIMLNKVMEKNQIKCFQYWPCGERYAHVNCLELDSFQIKYITENRSEEFTVRILELENKKTKETRVVYHYHYLTWPDFGVPKAPGYFLSFLFECRNAGVLSSDVGPAVIHCSAGIGRSGTFVMIDSILAEVSTGNLNAVDLGERLLAARQYRVGLIQTPDQLRFTSIAILEG,,Tyrosine-protein phosphatase|Tyrosine specific protein phosphatases,PTP_cat:IPR000242:1:246,PTP_cat
A7T9S5,NEMVEDRAFT_v1g224273,Nematostella vectensis,Tyrosine-protein phosphatase:1:110;Tyrosine specific protein phosphatases:30:101,EGASQPREVKHFQFTGWPDHGVPAHPTPFLAFLRRVKFYNPPDAGPIVVHCSAGVGRTGCFIVIDSMLERLRHEETVDIYGHVTVLRTQRNYMVQTQEQYIFSHDAILEAVSCGNTEVHARNLLHHIKKLTELGKGEVTGLEEEFKVGLNSFFINIE,,Tyrosine-protein phosphatase|Tyrosine specific protein phosphatases,PTP_cat:IPR000242:1:112,PTP_cat
A7S6F9,NEMVEDRAFT_v1g25148,Nematostella vectensis,SH3:1:60;PID:81:199,KQTHVATHKFIMRHNDEINLDEGDPMMVYQTCEDLWCEGTNLRTGQCGVFPSRYVARMFGLGKVLLGSKTLEYSGKRPNFKFLGSVEVKYYKGNDVLCTAMKEIVKQRRLSVTQSSPPFCTVEVSVKGISVVQHGTEGAEEGLSETKLFFFLKNVTFCGCHPNNTRYFAFITKHPEEPRFACHVFMSEFSTEPVAYSIGYVSIDF,,SH3|PID,SH3_domain:IPR001452:1:60;PTB/PI_dom:IPR006020:73:205,SH3_domain|PTB/PI_dom
A7RXJ8,NEMVEDRAFT_v1g203633,Nematostella vectensis,SH2:22:116;PH:155:234,MTNLIEKLRKNIEITKVEDIPWYHPSLTRNASEVLLMTNGVEGNYLLRSSQTHDMYTVSARSMDSVKHFPLIPDGKGGYKFGIGDFANIAELMEHFRNIPVLGGECGPPVTLRFPYFNKIAEPSFYTDVTLHAVHGTSFGGAQNCNNDWENTLSNWKRRWFVTKKHMMFYFNQRGDTKPLKELDLRLAFEVEADNNCEKPNAFRVCFPERTYYIYADSKKDMEDWVSLLKWKLVNI,,SH2|PH,SH2:IPR000980:20:116;PH_domain:IPR001849:137:236,SH2|PH_domain
A7RNU4,NEMVEDRAFT_v1g88022,Nematostella vectensis,Tyrosine-protein phosphatase:1:250;Tyrosine specific protein phosphatases:170:241;Tyrosine-protein phosphatase:282:540;Tyrosine specific protein phosphatases:456:531,EAARKPANKNKNRYANIVAYDHSRVVLERVNGDEDSDYINASFIHGYDGTPRSFIASQGPLPPAFEGFWRMVWEQNSQSIVMLTNLVELGKTKCHKYWPDKTETYGGVTVTLHQSEIFADYEIRTFILSKVGGGGCIKNLAKRSGSRMVRQFHFTVWPDKGVPQYATAVLAFRRKVRALNPRDAGPVIVHCSAGVGRTGAYIVIDAMLEQAKKSRTVDIRNYLIALRKDRPHMVQTKEQYSFIHSAVLEALTCGNTEIQSENYNQAMQKLASVNRKFQMTGYALEFQRLNSVTSREIPAEEKSVGEKPQNLHKNRFSDIIALNSCRVMLHKEHADEESDYINAVFLHAHRERNAFIATQHPLQHTIEDFWRMVTDYDIGTIVMLNNLHEHDQEYPQYLPVEGATKYGHIRVSLLSKQEKGDVISTKLKVTRNKKTHEVRHLHHVSWPDKCIPEVARSVLDLLDEVQASQQQCGNAPVLVQCSNGVGRSGTFCAISSVIERLKTEQVIDVFQVIKRIRANRPGAVESLTQYVFCYQIIQKYLDSFSDYANFSDC,,Tyrosine-protein phosphatase|Tyrosine specific protein phosphatases|Tyrosine-protein phosphatase|Tyrosine specific protein phosphatases,PTP_cat:IPR000242:1:252;PTP_cat:IPR000242:281:542,PTP_cat|PTP_cat
A7RY93,NEMVEDRAFT_v1g203919,Nematostella vectensis,Guanylate cyclase:268:370,MQSFNGPLSIIQLILLAFYDLTYMDRTIVIKRLNKKNVHLSRRVLIELKQVRDISHENLNEFIGACIEPANILVWSHCRKGSLQDVLVNEYLIDEAFKISMVMDIASGMKYLHSMEVRTYQSNVPILNHIPYIPTEIIQKVLACSDPPFRPQLQNDDGRANLLMLIRDCWAEDPEERPHFFRIVETQKDRRAQQKPNVIENMVSMMEKHANHLAGLVDERTRQLNEEKEKTDRLLYRLHHPPPPPPPPIAEQLKAYNYVQAEEYEEVTIFFSDIVGFTKLCSNSKPLQVVEFLNILYVAFDEIITQFNVYKVETIGDAYMVVSGCPVLNGNQHAAEIASMALELLSHMTVFHIPHQPHDQLQLRIGINTGKFIICFNHSHPYLVAESFRN,,Guanylate cyclase,Ser-Thr/Tyr_kinase_cat_dom:IPR001245:25:116;A/G_cyclase:IPR001054:226:386,Ser-Thr/Tyr_kinase_cat_dom|A/G_cyclase
A7RR81,NEMVEDRAFT_v1g90669,Nematostella vectensis,PID:38:200;SH2:379:470,MFGKKKINDPSNEWTKTGSFLHKPDRGWLHSEGSLREGGVCYAVKYVGCLSVEKSMRTLPYEVRQQVTREAILRCCEAAGYPLPKRKKPHKNVSRILGETPNMNHSGTNVNLTISATGMKMVDMNNGRRIANHDMQGISFASGGEKDCVNMVGYVAKDEVNGRACHVCDCGGELAYDVINTVGQAFEIRFKMFLQNPPQAMEVPGKYVGYKYDGGYAKLRSTSDEGVAGLYDSADSYRNAELPKIPGSGYAVPFARPDSGLDLNPRESLDFAAGAMYDNPEDPDDGRLGFYNNPLAGASTDPRLPARMDSLSRDDDIPEYHNPETRFSSPPQPTHAPKNLMDDDIPEYHNPETQFSLPLSVHAPVASTRSSSFMRAKDWYHGPISRGEAELLLEDEGDFLVRESKSQPGQYVLSGIKDKQARHLLLVDPQGQVRTRDKVFENVDQLISFHLVNQVPIISAGSEVTIKHPVLRG,,PID|SH2,PID_Shc-like:IPR006019:26:195;SH2:IPR000980:377:470,PID_Shc-like|SH2
A7T8I7,NEMVEDRAFT_v1g150265,Nematostella vectensis,Protein kinase:1:197,IIVEYCSLGNLLDFLRKSQGNRIYSNLAGGSLTLTCRDLLSFMWQIARGMSYLASLKVSVKNQVSEFLHVANSAWNELPRQSKDESRNNEFGYIKIANGELPLRWMAYESIFKGITTIESDVWSFGVLMWEIVTLGANPYPGMTREQLISNLHLGYRMPRPDYCSEELYAVIWECWQLDPTVRPTFSMLCRTLNRMLSAEKVSTPRNG,,Protein kinase,Prot_kinase_dom:IPR000719:1:197,Prot_kinase_dom
A7RL37,NEMVEDRAFT_v1g239047,Nematostella vectensis,Protein kinase:1:182,MELMLGGDFLTYLRKHLGKIQVPRLVKFSIHAAAGMEYLASKNCIHRDLAARNCLIGEDDVLKISDFGMSREVYDEGLYEASNMREIPVKWTAPEALNYAQYTTLSDIWSFGVLLWETFSFGNTPYPGLNNKETRDKVEQGYRMPPPMGTPPTIYQIMKDCWNIDPEARPKFDELLRRLKQVKEQVGASLP,,Protein kinase,Prot_kinase_dom:IPR000719:1:182,Prot_kinase_dom
A7T4M5,NEMVEDRAFT_v1g222275,Nematostella vectensis,PID:27:149,MEQLKTMRRKISTESEHSYQLNDPEPKFTAQYLGKKFILEEEFHPSKGYPITAKYANILTRECPERKARKMELLISRNIHRGLCVTDPTGKTPEETFQLQNIAFCTTIKQNKKLFSFIAEVEGKLECHVFTCSKEAKAKAICVALSRAFLSAHADWTRKRERSMKKKEIDSAVAKVQTDIMRTALEDERQYLGKMFYLYTENTINHNIYIQLLLKVVVIARWIGTAYDKYKFIYREISSLPQGYFSAIYCSVKMLVMCY,,PID,PTB/PI_dom:IPR006020:23:162,PTB/PI_dom
A7RGW8,NEMVEDRAFT_v1g81124,Nematostella vectensis,Protein kinase:18:299,MLGPIPEPDEWEVDYSSIAFGEVVGSGAFGKVTKATIVGLPGGPENKETVVAVKKLNAMATMEDRRNFLSEIEMMKQLGKHLNIVSILGCVTHAGQLCLITEYCPYGDLRNYLRAIRDKVSTRDSLAGRAPGRELTQNDLLSFARQIAVGMEYLSQKMFVHRDLAARNILICEDNLVKISDFGLTRDVYESSEYHKMHNTGKLPLKWMAPEAIFQNVHTTKSDVWAFGVVLWEIVTLGGSPYPGQSGKEFYKKLKNGYRMEKPDMCSPELYAMMRSCWASSPEDRPTFTKLRNQLEQLMDREDELYIDVNFEDAEYSYLATDSSSSGRLSQEPLLLI,,Protein kinase,Prot_kinase_dom:IPR000719:18:299,Prot_kinase_dom
A7RTS6,NEMVEDRAFT_v1g93134,Nematostella vectensis,Tyrosine-protein phosphatase:22:294;Tyrosine specific protein phosphatases:211:285;Tyrosine-protein phosphatase:326:614;Tyrosine specific protein phosphatases:530:605,PIPVNKLAEYCQIHHSTGNKSFKEEFMCIRTPGNFSWDHSLKEENKPKNRYQNIVACKLFRLTNPCVNSVDDHTRVAISELDGIPGSDYINANFIDGYNHRNKFIATQGPVSNTFDDFWRMVWEHGCSCIVMVTNIVERGKLKCQKYWPSANPEEYGRLVVTPLEEEELSHYVIRKFCIEIANSDVESPAREIVQYHYTAWPDHGVPTHATSLLAFIRRIRNSVSRDAGPIVVHCSAGVGRTGTYIVLDAMLDQMSKEGAVDIFGFVSHTRLQRNMMVQTEAQYIFIHDALMEAAKCGNTEFKVQDLHDRIKALQSRDPDSGETYIAKEFKNLDIGDSDVETFDSASMPENKSKNRFLVLPYDRTRVKLWPYPGVLGSDYINASFIDSYQQREAFLATQAPLETTINDFWRMLWEYESYTVVMLNKDSENIKVRLKQTPGKTEIIIVQQRFFFLLISPKHVLYQGQSYLPDKGEFVVYGLLMVEVESEERQEGYIKRQLKISNTKSSEVRNVFHFQYEDWPEDGVPQDGKLVIDMLKHIARAQQQTGNGPITVHCSDGSGRTGTFCAISIALERVKLDATIDMFQTVRNLRTQRPIMVQTPEQYKFCYEVVRHFVEAFSDYANFK,,Tyrosine-protein phosphatase|Tyrosine specific protein phosphatases|Tyrosine-protein phosphatase|Tyrosine specific protein phosphatases,PTP_cat:IPR000242:21:296;PTP_cat:IPR000242:325:616,PTP_cat|PTP_cat
A7SWW8,NEMVEDRAFT_v1g10792,Nematostella vectensis,Tyrosine-protein phosphatase:25:289;Tyrosine specific protein phosphatases:206:280;Tyrosine-protein phosphatase:346:573;Tyrosine specific protein phosphatases:503:573,KHEPIPYEAFRSHVKHLHADCDYKFFMEFEGVHEKNKRLTWVQSQKPENQMKNRFANVVAYDHSRVVLSLTENDQSSHYINANYVDTYNAMNAYIATQGPLAKTISDFWRMIWEQNCRVIVMITNIIEKGRHKCAMYWPTKNRKTENHGPLTITFVQEETFAYYSIRTFEIKPNKDGTHYTQPMMVKQFHFTGWPDHGAPEPGFEFPVLDLIMKSTACVVPGTGPLVVHCSAGVGRSGAFIVIDSMIKRIHDNGDLDIFNFLAHIRNQRNHLVQEECQYIFIHDTLAEYIACNFVISLPIKALKDHVRMMRMPISIQPPVKSKLDLEYEVTFGKSFRVTFGNLFYECNLQKVTIDNFFSEFDSSRVRLYPRPGEEGSDYINASYIDGFTRREAFIATQHPLQSTTMDYWRMIWQENCRSIVMLLSEKEWDKDVFPSYLPAVHDTAHFGDYEVTMESETARGDFIIRDLKLISTKDPSVIRQIRHFHFLHWPEHGQPWSGQTVLQLVSKVEEWESEVEKNSHQFDIIGPIVVHCNNGIGRTGVYCALHALWQQITQEKLVSVYQTAWLQGHQRP,,Tyrosine-protein phosphatase|Tyrosine specific protein phosphatases|Tyrosine-protein phosphatase|Tyrosine specific protein phosphatases,PTP_cat:IPR000242:24:291;PTP_cat:IPR000242:325:573,PTP_cat|PTP_cat
A7TB01,NEMVEDRAFT_v1g152942,Nematostella vectensis,Tyrosine-protein phosphatase:1:108;Tyrosine specific protein phosphatases:27:99,MDSLLVYHFQYHNWSAHGMPPRMNGLVFLHEQVQKIQSTEDHGPTVVHCSDGAGRTGVFLALAISIERLEAEDTVDIFQTVRWLRSQRPALVGSIEQYSCCYQAVKSYLSWRTRATNDYCTA,,Tyrosine-protein phosphatase|Tyrosine specific protein phosphatases,PTP_cat:IPR000242:1:108,PTP_cat
A7RKK5,NEMVEDRAFT_v1g198459,Nematostella vectensis,RUN:29:169;PID:295:392,MASLQKESLLNNLNDLVLRLKSSEKQPIQDDHVFLAPICEGIENVLRVGLKRSVLGFGLVKWDYWCWIESLPRYIQNDRRTLALLHGITFTKSSKKIVGYQGYGRLFIRFALSKRLLGHVVEGLQKNKKLLKYWYNETAILCDKVFSDMFRHILSDLEEHNFNLNLKNAYFLDESWVIPELKETQIVPCKELGLVVRHVDNRVIVAHVKSTGAAGDAGIEYGDIMVELLGKSLHKLNNGKANMKRGDIFPPSAARLAVIQADPYKEKNPDDDVAPQQLAGWDETPVHASDTLAAYPAVFYGKLDVGTDGSVAVIEDSIIEVLNKAMPPRDVELLLSEINITVVDKITSKVLSVHSFTETSSCGRRNDRKDLIAFVSGETTCSLAQRFYCYVFQIKDPEVRTGFAVLSGSSRGLKSAEECRVQRNVECGSLNKPLEVSNRP,,RUN|PID,Run_dom:IPR004012:29:169;PTB/PI_dom:IPR006020:295:392,Run_dom|PTB/PI_dom
A7SQB4,NEMVEDRAFT_v1g127426,Nematostella vectensis,Protein kinase:1:169,NPKTEFTLADQVVDAYQIAQGMDFLASKKCIHRDLAARNVLVDEGYALKIGDFGLARDIYKTDLYVKKGAGLLPVKWMAPEALFDREYSSKTDVWAFGVVLWEILTLGGSPYPGVPLEQLLDYINEGKRMAQPRDCPPEIYAIMCDCWSLEQDRRPTFAELVRRIERIL,,Protein kinase,Prot_kinase_dom:IPR000719:1:169,Prot_kinase_dom
